"","StationCode","SampleID","SampleDate","D_ASCI","H_ASCI","DS_Dur_WS","DS_Mag_50","DS_Mag_90","DS_Tim","FA_Dur","FA_Mag","FA_Tim","Q99","SP_Dur","SP_Mag","SP_ROC","SP_Tim","Wet_BFL_Dur","Wet_BFL_Mag_10","Wet_BFL_Mag_50","Wet_Tim"
"1","312PS0099","312PS0099_06/14/10_2",NA,0.771153675,0.784936724,0,-0.000115777471742,-0.000113636705246561,0,NA,NA,NA,-0.000116726446509571,0,-0.000112282302957487,3.59e-07,0,0,-8.50995907247303e-05,-0.000113015074909361,0
"2","402BA0079","402BA0079_05/28/08_1",NA,0.767392935,0.765032889,-3,0.00628374206392917,-0.00061932745617118,-5,NA,NA,NA,0.0481292593926485,-6,0.0954661282385344,7.76e-08,0,0.5,0.0338548738328265,0.0233835949316349,-0.5
"3","402BA0095","402BA0095_05/29/08_1",NA,0.935744404,1.034711242,0,-0.000315922619673908,-0.000287238347445452,0,NA,NA,NA,2.1637866699724e-08,0,-0.00030054787022392,6.09e-06,0,0,-0.000149935677337232,-0.000916802198639729,0
"4","402BA0143","402BA0143_05/21/08_1",NA,0.91990179,0.946687754,-159,-5.62044360235692e-05,-0.00133170799559618,-36,NA,NA,NA,0.0802718243717215,-3,0.0270479884187215,4.35e-08,0,0,-0.0030485701288613,0.000550328539530305,-3
"5","402BA0287","402BA0287_06/09/08_2",NA,NA,0.971804075,0,-8.75525300951514e-05,-8.84787933401342e-05,0,NA,NA,NA,-7.5931462145182e-05,0,-8.83336280192474e-05,3.02e-07,0,0,0.00609893010938362,0.00334491514590326,0
"6","402BA0335","402BA0335_05/27/08_2",NA,0.615752098,0.666458476,-97,0.0717705747134301,0.0232560984258906,-5,-5,0.0521072847494622,0,0.0106189406104291,-4,0.0145721151369507,0.00026376,0,0,0.0231723175314351,0.0215641214650938,-3
"7","403BA0015","403BA0015_05/19/08_1",NA,1.115393962,1.182164104,0,-3.07525025127354e-08,-5.50809928473481e-05,0,NA,NA,NA,-6.92784652280334e-05,0,-5.01321697592205e-05,-1.08e-06,0,0,-4.76247723079801e-08,-5.93247200121168e-05,0
"8","403BA0027","403BA0027_06/18/14_1",NA,1.02367677,0.945257169,0,-0.000135000939936587,-0.000198213534714178,-2,NA,NA,NA,-0.000199458589005983,0,-0.000199814709955163,1.92e-06,0,0,-0.00020461496360035,-0.000201576601864465,0
"9","403BA0068","403BA0068_05/14/08_1",NA,0.6069514,0.705523667,-11,0.0030991486322666,0.00662996385922985,-9,-1.5,1.06739735997786,-31.5,0.0860670107759219,-1,0.0519323452814331,-8.42e-06,0,-4,0,0.0213537295645088,-22
"10","403BA0136","403BA0136_06/17/14_1",NA,0.878007702,0.847510867,0,-0.000792806992933924,-0.00134601562682928,0,NA,NA,NA,0.000264544797599404,0,-0.000128136565861992,-7.16e-06,0,0,0,0.00969397452955715,-4
"11","403BA0171","403BA0171_05/19/08_1",NA,0.961567892,0.946897081,-1,-0.00090494394676923,-0.000908371887608119,-4,NA,NA,NA,-0.000870492705734242,0,-0.000904890223137901,1.84e-07,0,0,0.0335780860993765,0.0181486131720124,0
"12","403BA0960","403BA0960_05/21/08_1",NA,0.950553019,0.997293845,-2,0,0,0,NA,NA,NA,0.0020086666240001,-72,0.00340000000000007,6.4e-06,0,1,0.5625,0.5625,-1
"13","403CE0188","403CE0188_2016-05-26 00:00:00_1",2016-05-26,0.820410113365769,0.785250713449318,-0.5,0.0494874783920092,0.0144466054773079,-0.5,NA,NA,NA,0.00573492805102843,-7,0.0048895700964683,0.000314215,0,0,0.0281384929459882,-0.00215736174120875,-1
"14","403S00640","403S00640_06/11/09_2",NA,0.861876442,0.874679134,-1,-0.00240649007960198,-0.00103567869552248,-1,NA,NA,NA,-0.00134588832693717,-2,-0.0034398987773102,-1.4e-05,0,-3,-0.00324507010862687,0.00347075131365015,-4
"15","403S00831","403S00831_06/10/10_1",NA,0.885027049,0.775656174,0,0.0196690960922481,0.00583088809238436,-9,NA,NA,NA,-0.000191176835581982,0,-0.000192138011605626,5.52e-08,0,0,0.00194037808119124,-0.000132525024124648,0
"16","403S00875","403S00875_06/24/10_1",NA,1.056282842,1.085009507,0,3.3457251617935e-08,8.9342859590961e-06,0,NA,NA,NA,1.37039287661446e-05,0,1.41283063873991e-05,-1.82e-07,0,0,0,3.25791866825508e-08,0
"17","403S01195","403S01195_06/10/09_1",NA,0.878650175,0.902504272,0,-0.000826036605622367,-0.000828015616804894,0,NA,NA,NA,0.000389506232228981,0,-0.000613756815981145,4.94e-07,0,0,-0.000822654001820274,0.000564704349888794,0
"18","403S01272","403S01272_06/09/09_1",NA,0.668706945,0.848795376,10,0.25,0.133333333333333,-11,NA,NA,NA,16.8578854156252,-12,1.7547526040625,-0.26942602,-15,0,0.0447761194029849,0.0357142857142857,-54
"19","403S01536","403S01536_07/12/11_2",NA,0.915869811,0.831359993,-2,0,0.243902439024387,-2,NA,NA,NA,0,27,0,-0.029761905,-29,-25,-0.554666666666666,0.5,-4
"20","403S01707","403S01707_06/07/10_1",NA,0.816379925,0.964201128,0,0.000200812156025948,-0.000852827113509885,0,NA,NA,NA,0.000492207520082578,0,-0.000644083457320662,4.33e-08,0,0,0.00278793587594449,0.00279361074458107,0
"21","403S01728","403S01728_07/13/11_1",NA,0.695762467,0.876075759,-4,0.0106382978723404,0,-42,NA,NA,NA,0.0833000000000004,-43,0.2125,0.045833333,0,41,1.76923076923077,0.470588235294118,0
"22","403S01784","403S01784_06/09/09_1",NA,0.588322529,0.771658585,-4.5,0.0344827586206897,0.940298507462687,-64,NA,NA,NA,2.11022880609587,-88,0.0178071024410126,-0.016001826,0,5.5,0.0447761194029849,0.0357142857142857,-8.5
"23","403S01883","403S01883_06/21/10_1",NA,0.933050007,0.865103408,3,0,0,0,NA,NA,NA,0.000492764346505636,0,-0.00146538805981884,-9.49e-07,0,0,0.00344430559577538,0.00705893800401493,0
"24","403S02363","403S02363_06/16/11_1",NA,0.750883955,0.665074306,0,-0.000565809566585206,-0.000568016325417975,0,NA,NA,NA,0.00044680554709622,0,-0.000138823390489361,-6.11e-08,0,0,-0.000566613734904846,-0.00053499685673764,0
"25","403S02764","403S02764_06/14/11_1",NA,0.430992777,0.418621299,-81,0.103260850054764,0.0186050272175254,0,0.5,0.0114867451748299,0,0.00188343759376983,0,-0.00163760464855906,1.09e-07,0,0.5,0.109247702745612,0.00220084149281758,-0.5
"26","403S03643","403S03643_06/24/10_2",NA,0.843174876,0.833667305,0,0.000186599046572192,-0.000538454734166509,0,NA,NA,NA,0.00018458411980075,0,-8.15418223596457e-05,1.66e-07,0,0,0.000474874826429037,0.00200263430732089,0
"27","403S03832","403S03832_06/08/09_1",NA,0.868480813,0.928875137,-6,0,0.0370370370370369,-5,NA,NA,NA,0.000391666600000029,-80,0.000866666599999988,-3.31e-05,-1,5,0.0370370370370369,0,-6
"28","403S04600","403S04600_06/08/10_1",NA,0.476071619,0.549373091,24,0.25,0.966666666666667,-39,NA,NA,NA,0.916756249962509,-104,0.0312499999999999,-0.244751757,0,0,0.0447761194029849,0.0357142857142857,-35
"29","403S05291","403S05291_06/07/10_1",NA,1.154595271,1.243918215,0,-0.000940236498278131,-0.000938898347107257,0,NA,NA,NA,0.000426106729939928,0,-0.000895568652720292,6.19e-07,0,0,-0.000939699934472855,0.00134919102025749,0
"30","403S06139","403S06139_06/27/12_1",NA,0.825213449,0.879417424,0,-0.000833210479477762,-0.000837545657234568,0,NA,NA,NA,0.000448313226803236,0,-0.000614298234417404,-2.5e-08,0,0,-0.000837210673129024,-0.000809399059880619,0
"31","403S06315","403S06315_06/27/12_1",NA,1.039151702,1.058080902,-1,0.00353117601269066,-0.000642644668873416,-3,NA,NA,NA,-0.00026467217958472,0,-0.000650850224305296,-8.43e-07,0,0,0.014879697079477,0.0122062433753826,0
"32","403S06904","403S06904_06/09/10_1",NA,0.392390997,0.533277693,-36,0.189885348399176,0.0340446109120745,0,0,0.062321373735745,-0.5,0.000939281205233393,-1,-0.00162485419303603,-6.87e-07,0,0,0.10240781138022,-0.00162716137194996,-3
"33","403S07024","403S07024_06/13/12_1",NA,0.759761197,0.77872031,-1,0.0557462747528232,0.00299939005781096,-1,0.5,0.321453741165828,-4.5,0.0034185805009314,-1,-0.00205864029913332,-3.68e-08,0,0,0.107950407002188,0.0093865725854897,-1
"34","403S07227","403S07227_06/27/12_1",NA,1.146578059,1.118556896,0,-0.000684971869318277,-0.000686799970537948,0,NA,NA,NA,0.000486515492665359,0,-0.000386507144534725,5.06e-07,0,0,-0.000687278400670917,-0.000653333347781788,0
"35","403S11084","403S11084_06/09/10_1",NA,0.380713419,0.459131123,-23,0.0344827586206897,0.181818181818182,-25,NA,NA,NA,16.3964485670314,-2,6.627877603125,0.034924264,0,0,0.0447761194029849,0.0357142857142857,-3
"36","403S14156","403S14156_06/09/09_1",NA,0.3968276,0.601141583,12,0.0344827586206897,0.133333333333333,-35,NA,NA,NA,23.6220479156251,-24,6.7198046875,0.020930473,0,-12,0.0447761194029849,0.0357142857142857,-63
"37","403S15608","403S15608_06/08/10_1",NA,0.525990643,0.498182176,6,0.25,0.0357142857142857,-105,NA,NA,NA,0.0312499999999999,-90,0.0312499999999999,-0.143390565,0,0,0.0447761194029849,0.0357142857142857,-4
"38","403S16332","403S16332_06/26/13_1",NA,0.899712467,0.994054911,-8,0.0494838704963717,0.0160128316878062,0,0.5,-0.403701794451046,-30.5,0.00179633656590034,0,-0.000960342666392616,1.81e-07,0,0,0.0233859297857813,-0.0017154890178285,0
"39","403S34646","403S34646_06/25/13_1",NA,0.545853315,0.552564138,-43,0.0344827586206897,0.181818181818182,-24,NA,NA,NA,19.4077675781252,-1.5,7.3177734375,0.034009708,0,9.5,0.0447761194029849,0.0357142857142857,-70
"40","403WE0501","403WE0501_05/14/13_1",NA,1.086274859,1.063817632,0,0,0,0,NA,NA,NA,2.26997240899348e-07,0,0,0,0,0,0,0,0
"41","403WE0534","403WE0534_2016-05-23 00:00:00_1",2016-05-23,0.839303494756114,0.957526354169247,-80,0.0890375986178287,0.0156042535154948,0,NA,NA,NA,0.00252074993439281,0,-0.00203981335698039,3.54e-07,0,0,0.0384238801353527,0.0106270000039788,-1
"42","403WE0535","403WE0535_2017-07-19 00:00:00_1",2017-07-19,0.646817441646491,0.612880054666517,-6,0.0897233820271411,0.0147919230422018,0,1,-0.307663123424004,-3.5,0.000902637991455957,0,-0.00162776038832732,-3.64e-07,0,0,0.0644255356327946,-0.00159875578542726,-1
"43","403WE0540","403WE0540_05/16/13_1",NA,1.000542274,1.037713016,0,-0.0136439477996166,-0.00272634016682802,0,NA,NA,NA,-2.81133223726581e-05,0,-3.04645697054503e-05,-2.4e-06,0,0,-0.00268530102834821,-0.0136194003437582,0
"44","403WE0560","403WE0560_2018-06-04_1",2018-06-04,0.660314707749694,0.740662745917162,0,-0.000545851101990957,-0.000546819467830255,0,NA,NA,NA,0.000445409373006541,0,-9.40191706902653e-05,4.71e-07,0,0,-0.000543105832870199,3.33645245520397e-05,0
"45","403WE0682","403WE0682_2016-05-25 00:00:00_1",2016-05-25,0.863081073126214,0.88543631927827,-2,0,0.243902439024387,-2,NA,NA,NA,0,27,0,-0.029761905,-29,-25,-0.554666666666666,0.5,-4
"46","403WE0683","403WE0683_05/15/13_1",NA,1.203430969,1.275059153,0,0.00165391984090937,4.07323628928602e-08,0,NA,NA,NA,-7.00147991673256e-05,0,-6.52855514052076e-05,2.21e-07,0,0,0.00062106523166049,0.000119140433105849,0
"47","403WE0905","403WE0905_2018-06-07_1",2018-06-07,0.410774036116504,0.473379576100058,0,-0.00081417633908144,-0.000817019098985681,0,NA,NA,NA,0.00044443553271973,0,-0.000595977604718999,-1.01e-06,0,0,-0.000816729650156495,-0.000795391727790371,0
"48","403WE1027","403WE1027_05/30/13_1",NA,0.732838533,0.61437148,-9,0,0.243902439024387,-2,NA,NA,NA,0,-2,0,-0.029761905,0,4,0.133333333333333,0.5,-4
"49","404BA0084","404BA0084_06/04/08_1",NA,0.878306692,0.858151535,-81,0,1.02777777777778,-53,NA,NA,NA,0.000669666647999989,-59,0.0541554054054053,-0.396942963,-2,-1,0.0714285714285715,0.054054054054054,-6
"50","404BA0376","404BA0376_06/05/08_2",NA,0.794168204,0.75172775,-62,0.1166667,1.05798611138889,-53,NA,NA,NA,0.0162122879701512,-58,0.0589076575675675,-0.797812008,-9,4,-0.0875178571428571,0.054054054054054,-12
"51","404BA0526","404BA0526_06/04/08_1",NA,0.979719374,1.017313995,-61,-0.99,0.990909092357025,-53,NA,NA,NA,0.00274466664799995,-59,0.054054054054054,-0.75547407,0,-18,0.0714285714285715,0.054054054054054,-2
"52","404BA0616","404BA0616_06/03/08_1",NA,0.700027362,0.64591829,-2,0,0.243902439024387,-2,NA,NA,NA,0,27,0,-0.029761905,-29,-25,-0.554666666666666,0.5,-4
"53","404BA0852","404BA0852_06/03/08_1",NA,0.68218454,0.685567256,-61,1.03125,1.02777777777778,-53,NA,NA,NA,0.0171545591393424,-3,0.054054054054054,-0.623253295,-2,-29,0.0714285714285715,0.054054054054054,-8
"54","404BA0964","404BA0964_06/04/08_1",NA,1.037665585,1.101138447,-61,1.02083335,0.942975014656945,-53,NA,NA,NA,0.00904458340000005,-56,0.0542680181081081,-0.701408451,-2,-9,0.0714285714285715,0.054054054054054,-4
"55","404BA1144","404BA1144_06/10/08_1",NA,1.112705053,1.128912965,-62,1,1.03603945484124,-53,NA,NA,NA,0.0115746666,-57,0.058186937027027,-0.770003174,-2,-6,0.0714285714285715,0.054054054054054,-8
"56","404S00808","404S00808_06/22/10_1",NA,0.5666835,0.669065331,-39,0,0.666666666666667,-50,NA,NA,NA,4.97452624980001,-82,5.09156531621622,-0.284038721,21,50,-0.739285714285714,-0.188896396351351,-77
"57","404S01128","404S01128_06/23/10_1",NA,0.490078746,0.505063358,-111,-0.99,0.931962286867115,-52,NA,NA,NA,1.54069600024,-80,0.426328828918919,-0.627586195,-2,25,-0.730592261785714,0.054054054054054,-10
"58","404S02920","404S02920_05/12/09_1",NA,0.553572685,0.659533044,-13,0,1.02777777777778,-3,NA,NA,NA,0.199730000000003,-16,-0.519200450540541,-0.469795425,25.5,36.5,-0.728571428571429,-0.0407207208108109,-38
"59","404S03048","404S03048_05/13/09_1",NA,0.569962578,0.619699008,-75,0,1.02777777777778,-1,NA,NA,NA,0.0637523334000006,-57,0.0553378378378378,-0.639421732,-1,13,-0.0907142857142857,0.054054054054054,-33
"60","404S06456","404S06456_05/14/09_1",NA,0.788104828,0.816579272,-83,0,0.666666666666667,-53,NA,NA,NA,0.300183750000001,-74,0.00774916546434303,-0.34740626,-2,-6,-0.00964285714285703,-0.0871087546973055,-36
"61","404S08040","404S08040_05/12/09_1",NA,0.657723285,0.766058385,-17.5,0,0.0714285714285715,-26,NA,NA,NA,2.90886000000001,-19,0.878941441351351,-0.254685933,21,33.5,-0.735190476142857,0.054054054054054,-20.5
"62","404S08616","404S08616_05/13/09_2",NA,0.508440414,0.670970298,18,0.25,0.133333333333333,-93,NA,NA,NA,5.174563021125,-55,3.670885415625,0.121399896,-45,21,0.0447761194029849,0.0357142857142857,-10
"63","404S08846","404S08846_06/22/10_1",NA,0.860914401,1.02169269,-82,0,0.446069174541859,-8,NA,NA,NA,0.237064084204306,-60,0.0072038362564845,-0.276191377,-2,28,-0.695281249964286,-0.0878981991963347,-33
"64","404S11880","404S11880_06/07/11_2",NA,0.449692016,0.438417307,-31,0,0.985150483974749,-14,NA,NA,NA,1.38237958400001,-60,0.178716216216216,-0.034058569,-2,33.5,-0.4,-0.0393696609386813,-13
"65","404S13416","404S13416_06/08/11_1",NA,0.543604276,0.499978882,-77,0,1.03666668,-71,NA,NA,NA,2.1126883331,-26,0.590878378378378,-0.590161061,9,29,-0.646725267790617,0.054054054054054,-12
"66","404S14952","404S14952_06/15/11_1",NA,0.581735967,0.615161598,-81,0,0.947835369446603,-66,NA,NA,NA,0.784612499810013,-21,0.0609129433364986,-0.406060606,-8,24,-0.633705357107143,0.0502590089189189,-38
"67","404S16232","404S16232_06/09/11_1",NA,0.560906902,0.560599743,-27,0,0.658854166666667,-8,NA,NA,NA,6.09050499976,-28,5.51850225135135,-0.349166449,19,39,-0.739285714285714,-0.154470720810811,-27
"68","404S16516","404S16516_05/18/09_1",NA,0.538706534,0.623378316,-21,3.7358874787006,4.56542526549295,-33,7,7.46490640219545,-19.5,2.99645034524334,-31,0.830547130967967,2.44e-06,32,45,51585.916668,1.42997705180418,-20
"69","404S17266","404S17266_05/19/09_1",NA,0.582339242,0.543068447,-81,-0.99,0.922317314022383,-43,NA,NA,NA,1.54553166648,-21,0.310585585675676,-0.629456001,-2,0,-0.71879464275,0.054054054054054,-10
"70","404S17664","404S17664_05/20/09_1",NA,0.718230198,0.835795147,-88,0,0.952350173561363,-64,NA,NA,NA,0.626352916710001,-74,0.0571734235135134,-0.567470168,-2,26,-0.196559912050819,-0.0455292791891893,-43
"71","404S22464","404S22464_05/19/09_1",NA,0.503025599,0.523561365,-11.5,0,1.00498958577236,-71,NA,NA,NA,1.40429833376,-9,0.120358511791268,-0.450244198,-1,24,0.0714285714285715,0.0354842341891891,-53
"72","404S25668","404S25668_06/23/10_2",NA,0.501848971,0.584606729,-81,0,1.02777777777778,-71,NA,NA,NA,1.37651633376,-18,0.122849088936433,-0.458840527,-1,23,-0.724297618928571,0.0326407658108108,-47
"73","404S26868","404S26868_06/26/12_1",NA,0.510693455,0.478045409,-23,199,0.815995689552631,-67,NA,NA,NA,1.58721833376,-76,0.224864864864865,-0.590855754,0,27,0.00671140939597316,0.0270270270270271,-56
"74","404S28068","404S28068_06/20/12_1",NA,0.379455016,0.39740922,-81,0,1.00308694906534,-61,NA,NA,NA,0.809791250190014,-19,0.0615990991891891,-0.397758412,-8,28,-0.422014881071429,-0.0416441441891892,-43
"75","404S28270","404S28270_06/18/12_1",NA,0.585428661,0.57206026,-59.5,0.841738769158848,0.530317812891816,-4,7,5.57806184979241,-19,1.91024912286239,-34.5,0.29544899057713,6e-06,35.5,76.5,0,0.185150080060841,-30.5
"76","404S32468","404S32468_06/26/12_1",NA,0.842089544,0.966662549,-46.5,-0.99,-0.0741669202351665,-72,NA,NA,NA,9.73311966624001,-22,4.94718468378378,-0.407691803,21,42.5,-0.4,-0.161677927837838,-33.5
"77","404S34120","404S34120_06/21/12_1",NA,0.768121518,0.73982095,-41,0.130790187884683,0.0241640854239234,-7.5,NA,NA,NA,2.60400213584898,-50,0.531289614635554,1.03e-05,39.5,79.5,-0.992286600965683,-0.490571786092399,-37
"78","404S35270","404S35270_06/20/12_1",NA,0.465863956,0.564276587,-21,0,1.7945833337037,0,NA,NA,NA,1.34164416600002,-77,0.0832319818918919,-0.336843456,-1,25.5,0.0714285714285715,0.0616103602702702,-13
"79","404S45622","404S45622_06/03/13_2",NA,0.769777313,0.770437524,-104,0,0.947905920406102,-53,NA,NA,NA,0.307415833290001,-56,0.00753793583546324,-0.342611105,-1,-6,-0.69937946425,-0.0333540916873058,-4
"80","405CE0280","405CE0280_07/06/15_1",NA,1.215676055,1.239308536,0,-0.000499326305079099,-0.000494785719722984,0,NA,NA,NA,-0.000512254355973632,0,-0.000234521575985069,0,0,0,0,1.05335053476318e-05,0
"81","405PS0030","405PS0030_07/08/15_1",NA,0.764194253,0.83116607,NA,0.0122438719587321,0.00233463035019464,0,NA,NA,NA,-0.00102403084988027,0,-0.00102431076755856,-7.97e-07,0,0,-0.000698087538086835,0.00128846550747459,0
"82","408BA0268","408BA0268_05/06/08_1",NA,0.506473839,0.654192668,-11,1.2,0.925317209197319,-53,NA,NA,NA,0.00456666662400007,-30,0.006230173071888,-0.000538229,0,-1,0.00137333331999994,0.0424375100563836,-11
"83","408BA0660","408BA0660_06/04/14_1",NA,NA,0.882408095,166,-0.0347761022789822,0.00515767919497396,-123.5,NA,NA,NA,32.0677508958589,-79,28.0291741393163,-3.21e-05,-133,-10,-0.089302027461418,-0.0954236117960351,-157
"84","408BA0836","408BA0836_06/04/14_1",NA,NA,0.674468322,161.5,-0.115285300668509,-0.0849940959806052,-110.5,NA,NA,NA,59.9920785380977,-52.5,49.629649458972,-2.26e-05,-137,-29,-0.159742769853436,-0.166402866523133,28
"85","408BA0916","408BA0916_05/08/08_1",NA,0.510534158,0.448787462,166,-0.116597384163034,-0.0819085071377556,-123.5,NA,NA,NA,47.1825522661053,-57.5,66.8096219931271,-2.71e-05,-132,-27,-0.16575839610709,-0.170130875990196,3
"86","408PS0032","408PS0032_05/21/08_1",NA,0.352900804,0.487464108,162.5,-0.0525090639419908,-0.0124581158635511,-123,NA,NA,NA,31.0918723951398,-80,25.8420911905339,-3.48e-05,-135,-11.5,-0.0965068290254631,-0.108790697531111,23
"87","412WE0552","412WE0552_08/26/15_1",NA,0.76655292,0.767868747,-34,0.0106382978723404,-0.269230769230769,-2,NA,NA,NA,0.00667160976233373,-43,0.0670880877060197,0.008368774,0,-10,0.0278044871794872,0,0
"88","481S05856","481S05856_06/13/13_1",NA,0.933039021,1.007353312,NA,0,0,0,NA,NA,NA,0,NA,-0.00309502291820468,1.59e-05,NA,NA,-0.00309797097160218,-0.00308370527477458,NA
"89","722ABSPPC","722ABSPPC_05/20/13_1",NA,0.941230111,1.110875757,NA,0.0152236994127957,0.00256455180925021,0,NA,NA,NA,0.000541782323546447,0,-0.000294156758925047,4.11e-06,0,0,0,0.00299736995027673,0
"90","722PS0535","722PS0535_05/26/09_1",NA,0.698817116,0.824247119,0,0.0120406180606776,0.0147600089414598,0,NA,NA,NA,0,NA,0,0,NA,NA,-0.000250404912121296,0,0
"91","722PS0611","722PS0611_06/08/10_1",NA,0.500368033,0.83899663,NA,0.00988953454459856,0.000418964407385829,0,NA,NA,NA,-0.00335465388363897,0,-0.00335687053025522,2.57e-07,0,3,0.0115813755021769,0.0159176029962546,-3
"92","801LYC271","801LYC271_06/10/14_1",NA,1.175684389,1.140865975,0.5,0.00911527899004616,-0.000122414699591768,0,NA,NA,NA,-0.0029507478537576,0,-0.00295381948915291,4.64e-07,0,2,0.00665879962479958,0.013120547341011,-2
"93","801MIC042","801MIC042_06/09/14_1",NA,0.755952716,0.73805956,150.5,-0.195464536929982,-0.162476197942822,-97,NA,NA,NA,34.4515411580189,-120,23.8171391145128,-8.17e-05,-27,-5.5,-0.215324308231352,-0.223043965609939,27
"94","801S08727","801S08727_06/05/13_2",NA,1.162386609,1.07949878,1,0.0249999999999999,0.0249999999999999,12,NA,NA,NA,0,12,0,-0.02,0,-1,0.116666666666667,0,1
"95","801SJR159","801SJR159_06/03/14_1",NA,0.664625883,0.679182143,-5,0.00205164730354066,0.0370370370370369,-4,NA,NA,NA,0.00343595686034636,-7,0.00326796949921834,-2.74e-05,0,0,0.0336432138714322,-0.00210242317455914,-30
"96","801WE0674","801WE0674_05/14/13_1",NA,1.009382111,0.890182378,-4,0,-0.000201175463874325,-7,NA,NA,NA,0.00100123252365255,-4,0.00208921784338061,-1.23e-05,0,-2,0,0,-1
"97","801WE1008","801WE1008_05/14/13_1",NA,1.031477403,1.054818609,2,0.0249999999999999,0.0249999999999999,12,NA,NA,NA,0.00254200000000004,12,0.0310083334,-0.02,0,-2,0,0,2
"98","801WE1132","801WE1132_08/19/09_1",NA,1.034650763,0.979238503,-2,0,0,-47,NA,NA,NA,0.000161363636363718,-47,0.00024621212121222,-0.000227264,0,0,0,0,0
"99","802SJR116","802SJR116_06/12/14_1",NA,0.29614746,0.340720464,124,-0.0112511086840478,-0.0389155432171035,-19.5,NA,NA,NA,0.182781676755252,-38,0.207091416388327,9.75e-08,0,2,-0.0475272623221902,-0.0410973229571934,-23
"100","802WE0658","802WE0658_2015-04-21 00:00:00_1",2015-04-21,0.991958640671447,1.02548124476275,-1,-0.000235384207310991,-0.000320392479821711,-1,2,0.020934004793076,0,0.000579648262044481,-1,-0.000285738560952929,-8.32e-07,0,-2,-0.000672118277147527,-0.00146301263489287,-1
"101","901DCCSMC","901DCCSMC_05/16/11_1",NA,1.150047343,1.121869904,NA,0.0211831932506739,0.00956399528344739,-30,NA,NA,NA,-0.0013113839367124,0,-0.0013508690858309,-3.35e-07,-1,-1,0.102226144286682,0.0787321976845363,0
"102","901PS0057","901PS0057_05/14/08_1",NA,0.833804933,0.811505242,-29,7.09842220237129,4.39327263140976,-3,NA,NA,NA,5.16672371548653,-63,1.01402996314442,4.52e-06,52,82,0.170200039534144,1.73746924902477,-33
"103","901S00313","901S00313_04/30/09_1",NA,1.133369683,1.244625897,-9,0,0.243902439024387,-2,0,0.140514381537787,0,0,26,0,-0.029761905,-29,-25,-0.554666666666666,0.5,-4
"104","901S00469","901S00469_05/13/09_1",NA,0.987243828,1.09138478,-31,-0.285714285714286,-0.765432098765432,-16,NA,NA,NA,0,-6,0,-0.035714286,0,26,-0.765432098765432,0,-27
"105","901S00997","901S00997_05/14/09_1",NA,0.932932294,0.819319136,-39,0.284263943466722,1.90961051171283,5,NA,NA,NA,4.64330578629536,-59,0.439584580295297,3.82e-05,73,112.5,0,11536.08333,-25.5
"106","901S01705","901S01705_05/14/09_1",NA,1.134198522,1.122029647,0,-0.000120226024965554,-0.000128241914070469,0,NA,NA,NA,-0.000143036578218867,0,-0.000144168768324429,1.06e-06,0,0,-0.000133472114459479,0.0244304568345324,0
"107","901S01811","901S01811_05/07/09_1",NA,0.500583154,0.522658112,-64,0.949941811175515,0.996690513149292,-38,NA,NA,NA,7.65712824840439,-32,1.93167706955863,4.43e-06,34,70,0,-0.14214225545914,-25
"108","901S01849","901S01849_06/01/10_1",NA,1.154585386,1.174047017,-2,0,0.243902439024387,-2,NA,NA,NA,0,27,0,-0.029761905,-29,-25,-0.554666666666666,0.5,-4
"109","901S02873","901S02873_06/01/10_1",NA,0.888658416,0.888181397,0,-0.000277778333333349,-0.00217021824166721,0,NA,NA,NA,-0.00268296367811225,0,0.00280594015203233,3.71e-05,0,0,-0.00226947882636568,-0.00029283835341365,-11
"110","901S04309","901S04309_05/16/11_1",NA,1.067219079,0.990142206,-25,-0.285714285714286,-0.753086419753086,-9,NA,NA,NA,0,3.5,0.000879730492320143,-0.035714286,0,0,-0.765432098765432,0,-31
"111","901S04409","901S04409_05/19/11_1",NA,0.808495179,1.065534008,-9,0,0.243902439024387,-2,0,0.12576296237509,-0.5,0,27,0,-0.029761905,-29,-25,-0.554666666666666,0.5,-4
"112","901S04565","901S04565_05/26/11_1",NA,0.950181415,1.080869546,-38,-0.285714285714286,-0.765432098765432,-5,NA,NA,NA,0,-6,0,-0.035714286,0,26,-0.765432098765432,0,-27
"113","901S06851","901S06851_05/19/11_1",NA,0.773719293,0.608459723,-78.5,0.587529985611511,0.878079698073888,20,NA,NA,NA,9.31911763850235,-34,1.65338480704596,1.54e-05,44,108,-0.769894535877682,-0.209804834153496,-53
"114","901S06969","901S06969_05/31/12_1",NA,0.819441477,0.715627218,-2,0,0.243902439024387,-2,NA,NA,NA,0,27,0,-0.029761905,-29,-25,-0.554666666666666,0.5,-4
"115","902M20173","902M20173_2016-06-07 00:00:00_1",2016-06-07,0.489452930065196,0.421640788211789,NA,1e+29,-1,52,NA,NA,NA,766510.687210547,52,0.0802718435815344,1.02e-07,0,15,2.09529093212498e+191,1.00084337349398e+27,-15
"116","902S01097","902S01097_05/11/09_1",NA,0.771653048,0.811432501,0,-0.00160905021346274,-0.00252875877082991,-6,NA,NA,NA,0.058196532987211,-72,0.0350246856787753,3.12e-07,0,0,-0.0349608136167378,-0.017030293785528,-14
"117","902S02293","902S02293_05/27/10_1",NA,0.51805688,0.518563284,-13,0.0666666666666667,0.0235294117647059,-81,NA,NA,NA,0.0833333333333333,-67,0.0833333333333333,3.78e-05,-1,-45,0.0235294117647059,0.0869565217391305,-8
"118","902WE0888","902WE0888_06/16/15_1",NA,0.604582091,0.666881154,NA,0.0317198999012182,-0.00100175474193842,-0.5,NA,NA,NA,0.0850973737539209,-0.5,0.00196942050381746,0.000582403,0,0,0.0104825304771582,0.0168153380498308,-4
"119","903M20208","903M20208_2017-06-12 00:00:00_1",2017-06-12,0.560714762571122,0.412181094245971,NA,0.0554648359810414,0.0357026405901314,NA,NA,NA,NA,0.551465287277426,NA,NA,-1.11e-09,NA,NA,-0.0296228906479883,0.0431718881115275,NA
"120","903M20213","903M20213_2017-06-12 00:00:00_1",2017-06-12,0.529086850038999,0.507153906019381,NA,0.0322894630927232,0.0644932720277506,-78.5,NA,NA,NA,0.225906471471391,NA,2.62873740289125,1.24e-11,NA,NA,-0.00433136904764594,0.0169171354441481,NA
"121","903M20214","903M20214_2018-05-08 00:00:00_1",2018-05-08,0.368989913141381,0.288581177244318,NA,0,0,NA,NA,NA,NA,NA,NA,NA,NA,NA,NA,NA,NA,NA
"122","903M20235","903M20235_2018-06-12 00:00:00_1",2018-06-12,0.519050237696287,0.500123860493509,NA,-0.000757390442731057,0.00119059150983407,0,NA,NA,NA,3.0020814164279e-05,-1,-0.00159973324476262,-2.06e-05,0,0.5,-0.00328672156475158,-0.00046481934461989,-1
"123","903WE0798","903WE0798_04/08/15_1",NA,0.990648495,0.932285035,0,-0.000398327120175416,-0.000478009461578955,0,NA,NA,NA,-0.000223753021728151,0,-0.000168522935846823,3.73e-06,0,0,0.00454101224013938,-0.000490346120562599,0
"124","903WE0900","903WE0900_04/08/15_1",NA,1.057700655,1.084100205,0,-0.000552325135226911,-0.000552119078353576,0,NA,NA,NA,0.000235833775585362,0,0.000219878032500601,4.67e-06,0,0,0.00336887031486358,-0.000550740617138575,0
"125","904M21729","904M21729_2016-06-14 00:00:00_1",2016-06-14,0.627641661902496,0.633270792989137,NA,-0.13468117588494,-0.130746356459385,-165,NA,NA,NA,42.0773532028303,NA,4.8138908672446,2.31e-10,NA,NA,-0.155562322347343,-0.121063856066605,-4.5
"126","905M21756","905M21756_2017-05-04 00:00:00_1",2017-05-04,0.589648208862483,0.559430575460003,NA,0.284963890931356,0.454088324211343,-12,NA,NA,NA,18.8488058897913,-25,-0.00328406056179193,4.63e-09,0,3.5,0.179173776004689,0.217130222918287,-3.5
"127","905S02561","905S02561_05/25/11_1",NA,0.865065284,1.027395872,-10,0.00706485340011704,0.133333333333333,-2,0,0.136881446728954,0,0,-2,0,-0.029761905,0,4,0.133333333333333,0.5,-4
"128","905SDYSA7","905SDYSA7_05/06/08_2",NA,0.294087811,0.268924548,-38,-0.285714285714286,-0.765432098765432,6,NA,NA,NA,0,5.5,0,-0.001046798,0,26,-0.765432098765432,0,-26
"129","905WE0679","905WE0679_03/27/15_1",NA,0.672447742,0.784626423,-9,0,0.243902439024387,-2,-1,0.138740671342322,-3,0,-2,0,-0.029761905,0,0,0.133333333333333,0.5,-4
"130","905WE1018","905WE1018_06/09/15_1",NA,0.781527775,0.840774398,-9,0,0.243902439024387,-2,0,0.123089424063393,-0.5,0,-2,0,-0.029761905,0,4,0.133333333333333,0.5,-4
"131","906M21738","906M21738_2017-05-16 00:00:00_1",2017-05-16,0.578595799342942,0.62702151065238,NA,0.0733270275490143,0.156490566037736,NA,NA,NA,NA,2438113.84876168,NA,9.2545283775349,-0.000112549,NA,NA,-0.0524860948819818,-0.00233644859813082,NA
"132","906M21758","906M21758_2017-05-11 00:00:00_1",2017-05-11,0.607289593341636,0.700448599987112,NA,-0.346181621862765,-0.358249531387532,-3,NA,NA,NA,10.5890179868554,-10.5,143.114638879146,-1.8e-10,7.5,86,-0.347127829453952,-0.386900327089132,-78.5
"133","906S02246","906S02246_05/26/10_1",NA,0.409836085,0.382125362,91.5,0.256814203550888,0.249909218369031,-40.5,NA,NA,NA,0.514760560334679,-125,2.23019653762864,1.49e-07,21,83,-0.0843955078720728,0.0843253135208023,-41
"134","907M23330","907M23330_2016-06-09 00:00:00_1",2016-06-09,1.06716253758748,0.946159823632859,NA,0.162495186337419,0.044344273980934,NA,NA,NA,NA,-0.00178824591080629,NA,NA,1.24e-05,NA,NA,0.110020881249956,0.114128151260504,NA
"135","907M23331","907M23331_2016-06-08 00:00:00_1",2016-06-08,0.525828128446821,0.533819828577353,NA,-0.060080005978057,-0.0760547146243876,-23,NA,NA,NA,24.7477887558728,NA,6.31274441796488,-1.56e-05,NA,NA,-0.15156619287093,-0.116303420646878,-83
"136","907M23342","907M23342_2017-06-13 00:00:00_1",2017-06-13,0.689875486157672,0.703014782055151,NA,-0.32133676092545,-0.0764534883720931,NA,NA,NA,NA,-0.00274361184862047,NA,NA,NA,NA,NA,-0.323458840900701,-0.0352078007323982,NA
"137","907M23343","907M23343_2017-06-27 00:00:00_1",2017-06-27,0.46010062277085,0.58627544485846,-27,0.0293294572697546,0.0557262097518006,16.5,NA,NA,NA,0.680208804434603,-17.5,-0.60766301905487,4.66e-12,32,47,-0.251418018503643,0.00777912754864467,-11
"138","907M23346","907M23346_2017-06-15 00:00:00_1",2017-06-15,0.914666736189178,0.944054305048812,0,-0.000736818530546876,-0.00117448563415111,-157,NA,NA,NA,-0.00219999996141226,0,-0.00219999998262808,7.55e-11,0,0,0.000577479854582066,0.00824230817593321,0
"139","907M23349","907M23349_2018-05-09 00:00:00_1",2018-05-09,0.858714874354342,0.866549010409761,NA,0.0738912105851508,1.74205835001362,NA,NA,NA,NA,43.417858428281,NA,NA,1.17e-07,NA,NA,-0.569849007765315,2.89702031512896,NA
"140","907M23362","907M23362_2017-05-09 00:00:00_1",2017-05-09,0.867687959703956,0.946584233791821,NA,0.33605428902837,0.237211962413714,NA,NA,NA,NA,-0.00131749579932886,NA,NA,-5.68e-05,NA,NA,-0.0180945114644551,0.0567296996662959,NA
"141","907M23367","907M23367_2018-05-29 00:00:00_1",2018-05-29,1.06903704279372,1.15131788618822,NA,-0.00300980028824682,-0.00310006388208973,-158,NA,NA,NA,-0.000966517499892612,0,-0.000883006091263202,-6.27e-07,-1,-109,-0.0205922771975211,-0.0186194436996849,-116
"142","907M23379","907M23379_2018-05-30 00:00:00_2",2018-05-30,1.03519962974275,1.05780853272261,-33.5,2.91139240506329,1.71434671656,-20,NA,NA,NA,2.60234881946208,-73,2.10801216373048,3.07e-10,34,92,0.264324255531672,0.558977952598282,-58
"143","907S00577","907S00577_05/12/09_1",NA,0.8894503,0.93929517,-36,0,0.0256410256410257,-1,NA,NA,NA,0,-1,0,-0.000620495,-1,5,-2.0618558407018e-10,0,-28
"144","907S01418","907S01418_05/12/09_1",NA,0.887648722,1.05838786,0,-0.00145937218601388,0,0,NA,NA,NA,-0.00179600691417229,0,-0.00175501801482818,-2.73e-07,0,1,-0.000171176856599665,-7.80712010492805e-05,-4
"145","907S01434","907S01434_05/13/09_1",NA,1.249193405,1.230696374,-2,0,0.243902439024387,-2,NA,NA,NA,0,-2,0,-0.029761905,0,4,0.133333333333333,0.5,-4
"146","907S01610","907S01610_05/31/10_1",NA,0.86440533,0.974313817,-1,-0.00255280805011883,-0.00244939191306471,0,NA,NA,NA,-0.0015601826200608,0,-0.0023720102787113,3.5e-06,0,0,-0.00200875524976639,-0.00246323248148402,-1
"147","907S03786","907S03786_05/30/12_1",NA,0.400712714,0.35522511,-2,0,0.243902439024387,-2,NA,NA,NA,0,-2,0,-0.029761905,0,4,0.133333333333333,0.5,-4
"148","907S05514","907S05514_05/18/11_2",NA,0.978490331,1.069386784,-25,-0.285714285714286,-0.765432098765432,-6,NA,NA,NA,0,-50,0,-0.035714286,0,26,-0.765432098765432,0,-26
"149","907SSDR11","907SSDR11_05/05/08_2",NA,0.626535357,0.805193299,-54.5,0,1.11111111111111,-19,NA,NA,NA,14.041363666,-23.5,15.9694369378378,-0.229259458,0,84.5,-0.739285714285714,0.054054054054054,-34.5
"150","909M24925","909M24925_2016-05-10 00:00:00_1",2016-05-10,0.916345893842013,0.899620945156761,NA,1.09375,7.0379403794038,-1,NA,NA,NA,105.481938543244,-1,-0.0016698743704187,-1.82e-05,0,2.5,0.647052597750505,0.570006454609922,-2.5
"151","909M24937","909M24937_2016-06-22 00:00:00_1",2016-06-22,1.13463306818176,1.15058037159369,NA,0.363061623146039,0.424297059505841,0,NA,NA,NA,0.0820593041594185,-18,0.0271990683410978,0.00010749,-0.5,22,0.46299121738573,0.0270459955466904,-22.5
"152","909WE0662","909WE0662_06/22/15_1",NA,1.052514131,1.166737869,NA,-0.165400076093801,-0.0193516246717815,0,NA,NA,NA,-0.00210802271710562,0,-0.00214968400005145,7.43e-07,0,0.5,-0.233787319215177,-0.101285246615968,-0.5
"153","909WE0780","909WE0780_2021-05-19_1",2021-05-19,0.800419481694713,0.924826341411195,NA,-0.344493852274143,-0.0674882623648872,-1,NA,NA,NA,-0.00186679737271964,-1,0.00162380800135189,1.02e-06,0,2,0,-0.0217646101375747,-2
"154","909WE1014","909WE1014_2021-04-22_1",2021-04-22,0.641739754235226,NA,-22,0,0.600941359259267,2,NA,NA,NA,0.0269164536568217,-52,0.0270406508788859,-0.013048279,-1,-1,-0.0907142857142857,0.054054054054054,-54
"155","911M24934","911M24934_2017-04-04 00:00:00_1",2017-04-04,0.960377779189846,1.06511538814691,NA,0.200116602569348,0.250171221166626,NA,NA,NA,NA,-0.00387454393678343,NA,NA,1.4e-05,NA,NA,0.0498931448298538,0.172830649875126,NA
"156","911S00538","911S00538_05/05/09_1",NA,1.113245295,1.125302159,0,-0.00705109206287177,-0.00555593846109799,-5,NA,NA,NA,0.0140353043881598,-0.5,0.00759674134419549,2.94e-05,-0.5,0.5,-0.00775419267497191,0.00954040058765462,-1.5
"157","911S01142","911S01142_05/24/11_1",NA,0.858041883,1.010719274,-0.5,-0.0737797872760934,0.00957990909710279,-41,NA,NA,NA,0.0039973903230476,-38,0.019253940668213,-3.51e-07,-3,-0.5,0,0.0546748536360467,-2
"158","911S01818","911S01818_05/06/09_2",NA,0.810742262,0.731053622,-22,-0.285714285714286,-0.765432098765432,-15,NA,NA,NA,0,-24,0,-0.035714286,0,3,-0.765432098765432,0,-26
"159","911S02058","911S02058_05/05/09_1",NA,1.146765464,1.131148628,-11,-0.00679893253639948,-0.00386763771427613,-2,NA,NA,NA,0.0202968535266988,-2,0.0118164990203229,6.44e-05,-1,1,-0.0313552099199713,-0.0174220237265747,-13
"160","911S04086","911S04086_05/06/09_2",NA,0.706925027,0.80826182,-19,0.0158847432582195,-0.00146407213948243,-1,NA,NA,NA,-0.000242670293709062,0,-0.00457600591925472,-1.29e-05,-1,0.5,0.00566756946220102,0.00143568542497212,-6
"161","SGLT506","SGLT506_07/06/12_1",NA,0.716656664,0.799483384,-9.5,-0.232872094346451,-0.209424595941522,-143,-0.5,1.56489979907949,-43.5,0.754983068400243,-3,0.363143342739472,-7.03e-07,0,47,-0.260566548020334,-0.236490932497652,-18
"162","SGUR103","SGUR103_07/22/10_1",NA,1.095691599,1.077069857,-1,0.292035431525011,4.00893738616621e-05,0,NA,NA,NA,0.00196412177731982,0,-0.00250799423252218,-2.68e-06,0,-6,1.82047040967222,0.0764273915294919,-1
"163","SGUT503","SGUT503_05/27/10_1",NA,0.864746237,0.834157137,NA,0.00545634523809513,0.00154166204418692,0,NA,NA,NA,-0.00291955718254335,0,-0.00292497726304354,4.45e-07,0,-2,-0.00325789994704667,2.40137795443292,2
"164","SMC00105","SMC00105_05/22/14_1",NA,0.822705081,0.808775915,NA,0.0357698295044855,0.00651930051212545,-9,NA,NA,NA,0.000243333156676962,-9,0.000172778751769883,9.66e-05,0,-6,0,0.0303704075879042,6
"165","SMC00135","SMC00135_06/07/10_1",NA,1.254694516,1.135450661,-22,0,2.40450948061507e-05,-14,NA,NA,NA,0.000125235679818872,-3,0.000236236075419503,-3.92e-07,0,0,0,0,0
"166","SMC00198","SMC00198_07/09/14_2",NA,0.697867078,0.665336775,-12,0.223735094280545,0.209633147286945,-15,NA,NA,NA,0.605701291850665,0.5,2.82431064250048,-7.38e-07,21,74,-0.15634361884931,-0.0988182943104557,-29
"167","SMC00206","SMC00206_06/16/15_1",NA,0.655808826,0.786265491,-15,1.2817803808554,0.86851088691976,-6,NA,NA,NA,1.55048900863081,-66,-0.118140803213806,4.71e-06,67,89,75.03333335,0.0355135849935303,-26
"168","SMC00271","SMC00271_08/13/15_1",NA,1.196220752,1.326169906,0,-6.68227675197074e-05,-7.3531897858466e-05,0,NA,NA,NA,-6.42206118006267e-05,0,-6.06771371819237e-06,2.03e-06,0,0,-6.45585629205266e-05,-5.82319081101584e-05,0
"169","SMC00282","SMC00282_06/09/09_2",NA,0.873856229,0.963230043,-0.5,-0.132807668330671,-0.0302846375254665,0,NA,NA,NA,-0.00197825003010429,-1,-0.00197218056251324,2.58e-06,0,0.5,0.0140755071386548,-0.0528515919165289,-0.5
"170","SMC00288","SMC00288_06/04/14_1",NA,0.735304952,0.691288182,-33.5,-0.5,-0.379760612328684,0,NA,NA,NA,1.42127302169952,-52,-0.0745964038690179,7.87e-05,43,44,-0.692678906779661,0.122478705980883,-11.5
"171","SMC00318","SMC00318_06/15/10_1",NA,0.552897319,0.62059491,-18,-0.224013350086873,-0.272759200035742,-32.5,NA,NA,NA,3.87677162363122,-12,1.21052336114543,1.25e-07,0,44,-0.274219691178162,-0.254794809731142,-11
"172","SMC00324","SMC00324_06/21/10_1",NA,0.572039705,0.641027473,NA,0.00480175953645581,0.0552432924260439,-92,NA,NA,NA,0,NA,1.44115079039689,0,-4,64.5,0.0842545484697586,0.00048498406241426,-67
"173","SMC00382","SMC00382_06/23/09_1",NA,0.842100102,0.835857175,-7.5,0.0583333,0.0546304160724749,-34,NA,NA,NA,4.1757028839653,-67,2.26712688073045,0.000109929,38,-10,0,-0.141219385096404,-20
"174","SMC00428","SMC00428_07/22/10_1",NA,1.075542352,1.081573827,-3,0.0106382978723404,0,1,NA,NA,NA,0.0194666666330002,-2,0.10875,-0.384947326,-14,3.5,0.360096153961538,0,0
"175","SMC00436","SMC00436_05/26/09_1",NA,0.455117491,0.582308652,-20,-0.110712485637495,-0.0862485472929723,-1.5,0,-0.0579952465249878,-26,0.936258034421176,15,0.95738029280072,-3.45e-08,0,18,-0.164228169700778,-0.112384495839171,-10
"176","SMC00464","SMC00464_06/04/14_1",NA,0.604398523,0.570117137,-1,0,0,-2,NA,NA,NA,-2.75611384744383e-05,-0.5,-1.74702306077958e-05,-1.27e-06,0,-6,0,0.152173913043478,0
"177","SMC00476","SMC00476_06/08/09_1",NA,1.062161894,1.141500165,-18,0,0,0,NA,NA,NA,0,-11,0,1.07e-06,0,0,-0.0166968021608654,0,-1
"178","SMC00479","SMC00479_07/13/11_2",NA,0.579564006,0.475400764,-5.5,0.916666625,0.140481491241422,-32.5,NA,NA,NA,3.17315949848809,-70,2.00516568751164,2.39e-05,40,56,0,-0.0441265014028948,-24
"179","SMC00480","SMC00480_05/13/09_2",NA,1.205546912,1.247525412,0,-5.80017400382356e-05,-0.000496925197793896,0,NA,NA,NA,-0.000267147283442295,0,-0.00044376781422045,-1.04e-05,0,0,0.033571518571511,0.0159298571145186,0
"180","SMC00520","SMC00520_06/25/14_1",NA,0.789365196,0.721871662,-1,-0.00241748071382769,-0.00291253185847063,-1,NA,NA,NA,-0.00293276910113465,0,-0.00293450028696536,6.95e-07,0,0,-0.00219798026474848,-0.00293425577526012,-2
"181","SMC00544","SMC00544_06/22/11_1",NA,0.592690765,0.656026959,0,0.00953422930866608,-0.00155057983404586,0,NA,NA,NA,-0.000234002749010955,-1,-0.00101928809667524,1.34e-07,0,0,0,0.00183070795304709,-1
"182","SMC00608","SMC00608_06/27/11_1",NA,0.614101335,0.633576939,3,0.492937340994636,0.302561606375425,-88,0,0.279407481568433,-1,0.446172017307996,-22,0.146139652955588,1.13e-06,0,10,-0.05608183163479,-0.0385319649301531,-5
"183","SMC00632","SMC00632_06/13/11_2",NA,0.450218227,0.325345644,-6,0.786458375,0.585638417535175,-12.5,7.5,0.0732229624908952,-20.5,0.930851863291504,-28,0.365160694873657,3.65e-06,14.5,43.5,0,-0.0622525285212628,-10.5
"184","SMC00684","SMC00684_06/27/11_1",NA,0.460496045,0.591037377,-19,0.244274809160305,0.814152066222925,-22.5,-10,9.39459541450792,-45,4.21568102554206,-65.5,1.12300796348486,1.29e-05,43,63,-0.36203130693989,-0.197161361475312,-24
"185","SMC00710","SMC00710_05/20/09_1",NA,0.808459509,0.866616192,-140,0.25,1.06005387270616,9.5,NA,NA,NA,15.2600790365489,-38.5,0.432712234624793,0.000198058,69.5,135.5,0,2.56807912804129,-51
"186","SMC00748","SMC00748_06/21/11_1",NA,0.517282917,0.634919889,-18,0.0798600395183699,0.251225808500898,-15.5,-17,4.79418543408949,-43.5,1.51917715138047,-49.5,0.37136870249993,3.56e-06,29,50.5,-0.391432001504514,-0.0676250617017889,-20.5
"187","SMC00827","SMC00827_06/15/09_1",NA,0.691409456,0.789546908,0,-0.000682008651234016,-0.000682590151908239,0,NA,NA,NA,0.000488251739987322,0,-0.000409429339087485,9.78e-07,0,0,-0.000681283760425222,-0.000505835962020419,0
"188","SMC00857","SMC00857_07/13/11_1",NA,0.21512319,0.33019808,NA,0.172455229036554,0.25,-8,NA,NA,NA,123.694095946132,28,0.0512164568610953,-4.13e-08,0,45,0.0168052432278667,1.26305185704275,-4
"189","SMC00873","SMC00873_06/10/14_1",NA,0.91958176,0.812759031,-197,0.695749275369436,0.202249665372,-6,NA,NA,NA,2.59984414190295,-37,0.914091701694975,1.1e-05,35,76.5,0,-0.138016744369225,-14
"190","SMC00899","SMC00899_07/12/11_1",NA,0.616763874,0.658757751,130,-0.161688325625819,-0.123611596717587,-96,NA,NA,NA,35.096573820404,-91,10.786207629227,9.39e-05,49.5,116,-0.183122266298931,-0.18967963380688,10
"191","SMC00911","SMC00911_06/04/09_1",NA,1.211717265,1.139858532,0,0.00425952935206859,-0.000736392702049962,0,0,0.00666028361396931,0,-0.000471539721692073,0,-0.000865098620717113,-5.32e-06,0,0,0.00658997205839084,0.00151133549049542,0
"192","SMC00924","SMC00924_06/25/14_1",NA,0.603487917,0.61661351,-6,0.0106382978723404,0,1.5,-3.5,0.0855829263848028,0,0.00826666667600007,-30.5,0.00286633468457295,-0.137336036,18.5,-104,0.00160256411538461,0.0588235294117648,-4
"193","SMC00957","SMC00957_07/02/10_1",NA,NA,1.001702902,42.5,-0.151872135698075,-0.221359819923416,27,NA,NA,NA,1.95427242203835,0,0.419880314255507,2.24e-06,0,60,-0.19932732383349,-0.137156720825239,-38
"194","SMC00958","SMC00958_07/19/11_1",NA,0.623423578,0.624361626,-51.5,0.165048588933926,0.978022064968003,-33,NA,NA,NA,8.35015249072971,-54,5.74548448405573,2.53e-05,39,79.5,0,-0.400129038136036,-45
"195","SMC00963","SMC00963_07/09/14_1",NA,0.565606384,0.64049208,-6,0.75382558520734,0.371022916953039,-4.5,-1.5,-0.431633113877735,-55,0.787990568777498,-42,-0.171582071715053,4.4e-06,46.5,68,0,-0.060474332970285,-11.5
"196","SMC01040","SMC01040_06/09/09_1",NA,1.087567502,1.061782392,-1,-0.000254327738124592,-0.00169454983656547,0,-0.5,-0.00938748701029589,-1,-0.0017933338410802,-1,-0.00179660387878785,6.53e-07,0,-3,-0.00092665564708468,-0.00128731848808542,-1
"197","SMC01046","SMC01046_05/21/09_1",NA,0.73200502,0.825303391,-26,-0.0431799778041286,0.216268221947967,-5,-1,0.235002093353459,-4,1.87260978945726,-8.5,0.492744905230156,-3e-06,8.5,12,0.626997716894977,0.0961514816180991,-27
"198","SMC01096","SMC01096_06/07/10_2",NA,0.745930477,0.776774949,-1,-0.00217963214998525,-0.0028700387770954,-1,NA,NA,NA,-0.00131732954452984,-1,-0.00312838651819661,2.09e-06,0,0,-0.00209737247667234,0.00100881362564937,-1
"199","SMC01155","SMC01155_05/12/09_1",NA,0.561508906,0.520641319,-3,0.0869713420907734,0.042129657805373,-1,NA,NA,NA,-0.00115290711048828,-1,-0.00390415454123101,2.72e-06,0,0,0,0.0176142734983282,-3
"200","SMC01158","SMC01158_05/20/09_1",NA,NA,1.025876893,NA,0.114968819685551,2.41896186440678,-10,NA,NA,NA,9.50379125550115,-54,0.0469656164830935,0.00010733,31,57.5,0,-0.202544401604585,-26
"201","SMC01161","SMC01161_05/27/10_1",NA,0.719151848,0.86743083,-17,0.0075623549163865,-0.000528106681362991,-64,NA,NA,NA,0.0309737892020769,-47,0.0242703747849063,4.61e-08,0,-1,-0.00976607795839057,0.000294245461235451,-16
"202","SMC01196","SMC01196_07/14/10_1",NA,0.947687864,0.983464921,NA,0.00795133385715521,0.002455431622699,-1,NA,NA,NA,-0.00249207977569503,-1,-0.00288738477135355,2.36e-06,0,0,-0.0019367408150584,0.00160200281543896,-1
"203","SMC01208","SMC01208_06/08/10_1",NA,0.496317475,0.617570071,-3,0.775600358902631,0.768264344677237,-18.5,8,-0.163889398546706,-27,1.6117586683429,-109,1.15449479386319,3.88e-07,40,65,0,-0.201923143616771,-90
"204","SMC01215","SMC01215_07/13/11_1",NA,0.493722243,0.503840448,-1.5,0.0938788598312118,0.0144913709862291,-4,NA,NA,NA,0.0142171791930857,-4,0.0215004040076578,0.000381389,0,0,0.0157862337295129,-0.00227422677026298,-5
"205","SMC01248","SMC01248_07/26/11_1",NA,0.968951169,1.024848902,0,-0.000186683017803625,7.19083382030469e-08,0,NA,NA,NA,-0.000949523965623765,-2,-0.000870105655686721,-3.91e-06,0,0.5,0.0602821584723323,0.0354094127935699,0
"206","SMC01257","SMC01257_06/16/11_1",NA,0.706841832,0.558684309,-7,0.252821498407617,0.091571865616287,-13.5,NA,NA,NA,2.4737551958103,-63,1.17078577066216,1.65e-06,45.5,67,0,-0.0699841377133936,-145
"207","SMC01260","SMC01260_07/16/12_1",NA,0.808509937,0.774528512,-9,-0.219359430250155,-0.220020764016585,-142,-0.5,0.635227524459751,-43.5,0.661799720246113,-2,0.951318820016314,-1.66e-08,-3,44,-0.249947173705433,-0.23984462430073,-15
"208","SMC01320","SMC01320_06/07/10_1",NA,0.579855032,0.643681332,-3,-0.00202868597384193,-0.00233769522559739,0,NA,NA,NA,-0.00247069115910452,-1,-0.00247626475127886,3.5e-06,0,0,-0.00114321560430966,7.72680287424449e-05,-1
"209","SMC01358","SMC01358_06/21/11_1",NA,0.514765173,0.52946756,-15,0.764880928571428,0.043078021361001,-32,NA,NA,NA,6.44523295634215,-98,1.39735005462855,7.96e-05,45,95,0,1340.66667,-47.5
"210","SMC01413","SMC01413_07/09/12_2",NA,0.869284316,0.892648325,NA,0,0,0,NA,NA,NA,-2.58153837026844e-05,0,-2.64885404167542e-05,0,0,0,0,0,0
"211","SMC01424","SMC01424_07/01/09_1",NA,1.222438654,1.250987839,0,-0.000927728879515958,-0.000463073827903902,0,NA,NA,NA,-0.000902973586469923,0,-0.000924850948359908,-2.44e-05,-2,0.5,0.0581861653215121,0.026338289193637,0
"212","SMC01452","SMC01452_07/15/10_1",NA,0.494965306,0.400145717,NA,0,-0.25762700984773,-35,NA,NA,NA,5.61052076136479,-77,0.507891795215739,0.000263005,39,97.5,-0.19182753344774,-0.0329218106995885,-37
"213","SMC01454","SMC01454_07/16/12_2",NA,0.526728123,0.45363251,-2,0.277929316395566,-0.146806506419075,-12,-11,6.95393760216215,-44.5,1.56103748175506,-59,0.949648094957181,6.39e-06,43,59,0,0.0472557860631212,-60
"214","SMC01504","SMC01504_06/28/11_2",NA,1.092716038,1.137285486,0,0,5.9974842489698e-08,0,NA,NA,NA,0,NA,0,-1.52e-08,NA,NA,-1.54142831626504e-07,0,0
"215","SMC01512","SMC01512_06/23/10_1",NA,0.818249761,0.795323558,-67,0,1.7037037037037,-53,NA,NA,NA,0.0187346666240007,-54,0.054054054054054,-0.462068973,-3,-7,-0.472367559642857,0.054054054054054,-33
"216","SMC01544","SMC01544_07/14/10_1",NA,0.676265579,0.733245197,-4,-0.00230394255865972,-0.00244465040683425,0,NA,NA,NA,-0.00245813478703055,0,-0.00246367432935819,8.98e-06,0,0,0.00153551303500964,-0.00077910031331784,0
"217","SMC01567","SMC01567_06/09/10_1",NA,0.994112607,1.08486398,0,-9.23322003000016e-05,-9.22708578001223e-05,0,NA,NA,NA,-8.70900871517659e-05,0,-7.8453241855049e-05,1.25e-07,0,0,0.00299588142660057,0.00162810603281213,0
"218","SMC01606","SMC01606_05/26/09_1",NA,0.63397757,0.587185975,152.5,0.021333283023823,0.0257078532472955,-168.5,NA,NA,NA,0.131549535301335,-8.5,5.34945409833708,2.73e-06,40.5,67.5,-0.0893258670913758,-0.0424626126490921,-5
"219","SMC01656","SMC01656_06/06/12_1",NA,0.629370293,0.641724972,-56,1.06349205357143,0.671024654551772,-20,-3.5,0.231016079424296,-33,0.914148881284427,-90,0.39485400408786,1.18e-06,-4,36.5,-0.998597885146701,-0.146240112768516,-16
"220","SMC01662","SMC01662_07/09/12_1",NA,0.679786901,0.500303421,-19,0.225806451612903,0.222064102858111,-33,NA,NA,NA,3.49968478955417,-78,2.88333797894466,2.14e-06,36,63,0,-0.320797566463872,-23
"221","SMC01692","SMC01692_06/20/11_1",NA,0.428401008,0.576785385,NA,0,0,0,NA,NA,NA,0.00969846478084562,0,0.0137335163042198,-2.49e-05,0,1,0,0,-12
"222","SMC01694","SMC01694_06/28/10_1",NA,0.780257763,0.599880344,-28,0,0.666666666666667,-66,NA,NA,NA,0.275592500000003,-12,0.202673165707175,0.011235803,-3,20,-0.0907142857142857,-0.0113184998095409,-58
"223","SMC01726","SMC01726_06/30/10_1",NA,0.986732644,0.939237898,-24,-0.30760112609701,-0.324112810023168,-185,NA,NA,NA,0.983445101959703,-0.5,1.56693798623484,-1.26e-06,-1,37.5,-0.322853784378206,-0.359309916605365,-14.5
"224","SMC01748","SMC01748_06/03/09_1",NA,0.564445971,0.711498098,4,2.46046994829076,2.178417857536,-7.5,-1.5,27.2377406385007,-38,1.26471656030148,-34.5,0.89667988149201,2.47e-07,19.5,36,1.02544926562074,0.436083123631717,-12.5
"225","SMC01772","SMC01772_07/11/12_1",NA,0.657382216,0.561837234,-7,1.4,-0.920702981793166,-15,NA,NA,NA,1.85697443940502,-46,0.480163429615039,6.11e-05,33,64.5,0,766.08333,-26
"226","SMC01808","SMC01808_06/13/11_1",NA,0.88175899,0.887283479,0,-0.000331279530598321,-6.66679404926425e-05,0,NA,NA,NA,-0.00128507757671116,-1,-1.49680453796084e-05,3.3e-06,0,0,0.0031236091872703,0.00195242019481759,0
"227","SMC01860","SMC01860_05/28/09_1",NA,0.551582082,0.641787879,163,-0.108148583396485,-0.0773459552904874,-123.5,NA,NA,NA,45.3463528311331,-51,62.1174521447901,-3.09e-05,-136,-29,-0.163321433468847,-0.169935700005403,19
"228","SMC01912","SMC01912_07/12/12_1",NA,0.669315686,0.674912234,56,-0.9,0.271089197953217,-37,NA,NA,NA,5.62671115595562,-81,-0.132924335750139,1.31e-05,53,72,0,-0.276888781221712,-66
"229","SMC01934","SMC01934_06/15/12_1",NA,0.615239604,0.546728319,-10,3.32617644344653,2.94954477152742,-1.5,NA,NA,NA,1.67198851877613,-52.5,-0.0706861713453308,1.71e-06,59,80,0.96312717492262,5.47989013026128,-7
"230","SMC01960","SMC01960_06/23/10_1",NA,0.560144189,0.589957346,-65,0.980763606765083,0.680796759755467,-26,NA,NA,NA,0.543291660423293,-45,0.223293592000439,1.29e-06,30,43,-0.999984595156876,0.0761093379446827,-5
"231","SMC01987","SMC01987_06/15/12_2",NA,0.531880076,0.405210503,-60,-0.47282609723535,-0.304612359604403,-27,NA,NA,NA,15.1673994243505,-28,2.62090446887249,2.93e-05,39.5,133.5,-0.999871698920131,-0.106729930799919,-80
"232","SMC01990","SMC01990_07/08/14_1",NA,0.646904453,0.662518557,63,-0.134047832996715,-0.134272724716384,18.5,NA,NA,NA,7.77464571820593,-5.5,2.13411649596587,3.62e-06,45.5,95,-0.179070176131874,-0.110280127538007,-39
"233","SMC02028","SMC02028_07/12/12_1",NA,0.310233146,0.307012706,-4,0.776820170470053,0.712249725324341,-8,0,-0.0126182293679106,-59,0.535842674535833,-14,0.429738571027762,3.85e-06,0,25,-0.0996658476611462,0.141689230947077,-20
"234","SMC02075","SMC02075_07/17/12_1",NA,0.999390685,0.835344733,0,0.01887596640257,0.00430094258216628,-2,NA,NA,NA,-0.000109616638806854,0,-0.00016132182812431,2.66e-07,0,0,0.00224331464540291,-4.22306445538899e-05,0
"235","SMC02088","SMC02088_06/14/11_1",NA,0.761473478,0.816082358,-1,0.0106382978723404,0,-44,NA,NA,NA,0.107666666600001,-12,0.9416666666,-0.049215686,-15,-24,0.707692307692308,0,1
"236","SMC02092","SMC02092_06/14/11_1",NA,0.684919703,0.751231509,NA,0.0595214426176578,0.00991161421932117,0,NA,NA,NA,0.00213561902259747,-1,-0.00141231356716634,1.87e-07,0,0,0,-0.00129631782055998,0
"237","SMC02139","SMC02139_07/17/12_1",NA,1.149822301,1.067766539,-0.5,0.0153773735046826,0.00349397863676656,-2,NA,NA,NA,-0.000115875000123439,0,-0.000123521135345643,1.84e-06,0,0.5,0.0026219418719924,0.00503959808053034,-0.5
"238","SMC02206","SMC02206_07/19/11_1",NA,0.739577801,0.71504218,-56,-0.5,-0.849402089010772,-9,NA,NA,NA,5.17366354695905,-35.5,1.84541628295438,0.000120799,34.5,82,0,-0.405954654914059,-33
"239","SMC02228","SMC02228_06/23/09_1",NA,0.300249847,0.353213938,-4.5,-0.191716411559855,-0.226857917699903,11.5,NA,NA,NA,0.675363806662188,10,0.332225646046492,-4.82e-07,-3,15,-0.199192960879533,-0.203722458214254,-94
"240","SMC02270","SMC02270_06/30/10_1",NA,0.664851575,0.583945835,48.5,0,0.0549999799999999,18.5,NA,NA,NA,1.89694613470463,-30.5,0.924292063572463,0.000191077,40.5,21,0,0.214457828984178,22
"241","SMC02302","SMC02302_07/15/13_1",NA,0.775054676,0.645194164,-30,-0.0325342465753424,0.183502516702858,15,NA,NA,NA,8.644908993079,-43,4.36205963610898,6.54e-05,43,60,0,-0.163581970791653,-90
"242","SMC02436","SMC02436_05/28/09_1",NA,0.458163637,0.573483929,164,-0.0292971201924502,-0.00187355367576032,-110.5,NA,NA,NA,22.0811170969859,-85,16.2516949343772,-3.09e-05,-129,-45,-0.0742712803259477,-0.0875363551712477,-152
"243","SMC02452","SMC02452_06/30/11_1",NA,0.580134664,0.60844273,200,-0.0466578688875893,-0.0313937596514006,-149.5,NA,NA,NA,135.994424180633,-83.5,55.7492668305337,1.37e-06,-148,NA,-0.079345417702306,-0.0794197196951069,-13
"244","SMC02536","SMC02536_06/29/11_1",NA,0.729481763,0.819133093,-10,0,0.0714285714285715,-12,NA,NA,NA,1.005465333616,-65,0.263950435737469,-0.012506619,-1,26,-0.728571428571429,0.054054054054054,-53
"245","SMC02563","SMC02563_06/24/10_2",NA,0.647577554,0.493304461,2.5,0.183333333333333,0.228448275862069,-18,NA,NA,NA,1.5554495388179,-54,0.139187554459365,2.14e-05,-3,64,0,0.0642424560683962,-14
"246","SMC02568","SMC02568_06/12/12_1",NA,0.625777873,0.737462473,-9,0.0333333333333334,0.0249999999999999,-1.5,NA,NA,NA,0,0.5,0,-0.029761905,0,4,0.133333333333333,0.5,-4
"247","SMC02591","SMC02591_07/21/11_1",NA,0.80762975,0.890429936,0,-3.1253075022296e-05,-3.24005514807814e-05,0,NA,NA,NA,-3.70291486404589e-05,0,-3.73344003418518e-05,-5.13e-07,0,0,-2.74015799814461e-05,-3.72018608891998e-05,0
"248","SMC02622","SMC02622_06/15/10_1",NA,0.509456189,0.588342984,-70,-0.194743947420688,-0.221725305750185,-184,NA,NA,NA,2.56385159254687,-7,2.10172062422009,-4.18e-07,0,67,-0.236174583423857,-0.188403530845519,-80
"249","SMC02712","SMC02712_06/07/12_1",NA,0.80357356,0.710822841,-1,0,0,-1,NA,NA,NA,0,-46,0,-6.02e-06,0,-2,0,0,0
"250","SMC02884","SMC02884_06/23/10_1",NA,0.513603985,0.353261143,163.5,-0.105090070335355,-0.0734726692554544,-124,NA,NA,NA,46.7794166815327,-50.5,60.3877610079576,-2.76e-05,-136,-28.5,-0.160436277048497,-0.167235376511933,19
"251","SMC02902","SMC02902_08/02/11_1",NA,0.503358252,0.491063365,148.5,0.0700740567495321,0.0685215218067429,-46.5,NA,NA,NA,0.0951682347875737,-0.5,2.30582743301682,-4.29e-06,-1,21,-0.120700611846268,-0.0701392166116094,-21.5
"252","SMC02972","SMC02972_07/18/12_1",NA,0.94406146,1.135006279,-4,0.0106382978723404,0,2,NA,NA,NA,0,0,0,0.004729492,0,0,0.0277874447318928,0,0
"253","SMC02984","SMC02984_06/23/10_1",NA,0.496642549,0.57589006,-21,2.1708333,0.372193036277525,-69,NA,NA,NA,10.63322966648,-81,2.83516891891892,-0.176149858,20,29.5,0.00507999996000006,-0.080343655895815,-78
"254","SMC03011","SMC03011_06/13/13_1",NA,0.610883603,0.560483513,-20.5,2.69883571164937,0.454529646283424,-4.5,NA,NA,NA,4.12850668594455,-71.5,-0.187097393605862,6.99e-06,48.5,107.5,0.0672133362829466,0.896117270473747,-31
"255","SMC03110","SMC03110_07/26/11_1",NA,0.314331275,0.407271023,-48.5,0,0.879027777777775,-42,NA,NA,NA,17.565936334,-24.5,10.1344819810811,-0.220315239,36.5,84,-0.739093749964286,0.054054054054054,-32.5
"256","SMC03216","SMC03216_07/27/11_1",NA,0.983594137,0.984617103,0,-0.00329981324532219,-0.00332443548652344,0,NA,NA,NA,-0.00331449749978268,0.5,-0.00330749695394405,5.65e-06,0,0,-0.00330542664819438,-0.00330928014628437,0
"257","SMC03268","SMC03268_05/28/09_1",NA,0.326753969,0.460924173,162.5,-0.0508269196853923,-0.0113237357266332,-123,NA,NA,NA,32.6003586285996,-78.5,27.4955395726399,-2.89e-05,-138,-13.5,-0.095444805725007,-0.108570914706725,19
"258","SMC03280","SMC03280_08/11/11_1",NA,1.094679658,1.050676142,-3,-0.00201822616016409,-0.00201634184258535,0,NA,NA,NA,-0.00199791143905241,-1,-0.00201289010562472,1.05e-06,0,-1,-0.00198108544616144,-0.00200603165013296,0
"259","SMC03401","SMC03401_07/08/13_1",NA,0.716067745,0.689801992,NA,0.0187361241616251,-0.177350428205128,-13,NA,NA,NA,0.790809889400056,-1,0.000833658070551158,0.000621249,0,1,-0.106329112658228,0.0437178157023394,-1
"260","SMC03438","SMC03438_07/02/12_1",NA,0.635875856,0.598657549,-13,0,1.7037037037037,-3,NA,NA,NA,0.135250000024003,-46,0.054054054054054,-0.263927498,-5,-6,-0.103050595357143,0.00304260894402847,-5
"261","SMC03523","SMC03523_06/11/13_2",NA,0.519377316,0.457330054,-49,0.560160292145383,1.58210858104726,-7,NA,NA,NA,3.10456921270119,-58.5,0.215134520724068,1.23e-05,68,102,-0.0190646424784033,-0.239314920531598,-28
"262","SMC03929","SMC03929_07/05/12_1",NA,0.442270907,0.388840554,-59,-0.381090913108628,-0.614302132873772,6.5,NA,NA,NA,5.10128133157317,-16,1.76414142746462,1.19e-06,35,63.5,0,-0.0534820578780805,-13
"263","SMC03984","SMC03984_06/18/12_1",NA,1.024797919,0.919787625,0,-0.000733989919505185,-0.000732174089185711,0,NA,NA,NA,-0.000727333819007606,0,-0.000726519627438009,-7.74e-07,0,0,-0.000905091609037296,-0.00251319830502809,0
"264","SMC04000","SMC04000_07/30/12_1",NA,1.20877982,1.15506295,0,-0.000499946701197481,-0.000496721254664055,-1,NA,NA,NA,-0.000509765455616471,0,-0.000509372453137814,-2.34e-06,0,0,-0.000510345447591151,-0.000501343525817721,0
"265","SMC04008","SMC04008_06/19/12_1",NA,0.528744508,0.481897593,-48,0.538642885608856,0.318053761905397,-44,NA,NA,NA,0.979221869134324,-49.5,0.742282445943646,7.24e-07,26,43.5,-0.5,-0.0818093795085686,-15.5
"266","SMC04134","SMC04134_07/26/11_1",NA,0.510260616,0.627057749,NA,0,0,0,NA,NA,NA,0.0309688363654831,0,0.0146810303696375,-0.003189415,0,0,0,91.914433335,0
"267","SMC04175","SMC04175_06/11/09_1",NA,0.687515917,0.781867053,0,-0.000712011346223538,-0.00442038862281091,-49,NA,NA,NA,0.0469196096035658,-5,0.0428753495351779,1.73e-07,0,-1,0.0109035126358783,0.000793364576456123,-8
"268","SMC04204","SMC04204_07/11/12_1",NA,0.91970473,0.878227598,-25.5,-0.285714285714286,-0.750602409638554,-9,NA,NA,NA,4.59067898018547e-05,-0.5,0.00014403794014789,-0.003481314,0,0,-0.366043819604318,0,-32
"269","SMC04239","SMC04239_06/11/09_1",NA,1.053473222,0.951553535,-150,0.00304152059033439,0.00120913838844041,-24,NA,NA,NA,0.0323196380084052,-3,0.0240484251653036,3.25e-08,0,0,0.00436793052139437,-0.00293775123922167,0
"270","SMC04294","SMC04294_07/11/13_1",NA,0.425923432,0.481251264,-4,0.225710133988754,0.209981946014754,-19,NA,NA,NA,0.646714705501146,0.5,2.84241517628226,-3.25e-07,21,74.5,-0.156539509798839,-0.0979920634450085,-29.5
"271","SMC04308","SMC04308_06/17/09_1",NA,0.585706514,0.676360235,47,0.0421455944170773,-0.0468624130774438,-192,NA,NA,NA,0.563374868853239,-123,1.3616977288413,3.96e-07,-1,35.5,-0.168125170361515,-0.0862943279503074,-24.5
"272","SMC04383","SMC04383_06/09/10_1",NA,1.102503531,1.175953336,0,-9.58407501234427e-05,-9.4502205705732e-05,-1,NA,NA,NA,-8.34253793351536e-05,0,-9.18369897698599e-05,3.89e-07,0,0,0.00606720917827623,0.00333414721780656,0
"273","SMC04399","SMC04399_06/11/09_1",NA,0.495360805,0.629090949,1.5,0.199192818474726,0.0568553543792379,-12,NA,NA,NA,0.0171980486269547,-12,0.0138228951068593,0.000478724,0,0,0.0512733711869071,0.0206251945463761,0
"274","SMC04426","SMC04426_07/25/11_1",NA,0.851452761,1.027784583,0,-0.00239050816597009,-0.00238415507508503,0,NA,NA,NA,-0.00231948822193177,0,-0.00236222763806066,-3.04e-06,0,0,-0.00239713532871242,-0.00240871268069007,-2
"275","SMC04441","SMC04441_07/19/13_1",NA,0.594440622,0.524790949,-85,-0.428571428571429,-0.625551866967412,11,NA,NA,NA,5.20583594641536,-11.5,1.60995543935474,8.98e-06,0,57.5,0,-0.200487136550464,-16.5
"276","SMC04682","SMC04682_07/25/11_1",NA,0.561342698,0.842105821,NA,-0.268784414739517,-0.0417505495263581,-2,NA,NA,NA,-0.00262881611048519,-2,-0.00245050707566688,-9.5e-08,0,1.5,0,-0.00268884547586073,-1.5
"277","SMC04749","SMC04749_06/23/09_1",NA,0.512469123,0.605961793,84.5,0.00806293097345129,0.0471925882795061,-35,NA,NA,NA,3.23218332220597,-1,1.3120637838433,9.59e-06,-1,24,-0.0974527526705013,-0.0515789536065305,-24
"278","SMC04756","SMC04756_07/07/10_1",NA,0.416029155,0.369182377,166,-0.0373722269615173,0.00224673175226313,-123,NA,NA,NA,42.4443328432812,-75,37.0437079233558,-3.45e-05,-142,-14,-0.0908072609317663,-0.0967911237090728,4.5
"279","SMC04806","SMC04806_07/11/13_1",NA,0.669829538,0.700601045,NA,0.100000015,0.53774179262165,18,-2,2.50046018313018,-27,20.9764301722138,-22,0.37671290666912,0.000236068,62,139,0,5.243682016544,-38
"280","SMC04880","SMC04880_06/06/12_1",NA,0.802712006,0.772872785,-9,-0.0285714285714286,0,-10,NA,NA,NA,-1.45053336280566e-05,-41,-1.77650953546962e-05,-1.76e-07,0,-2,0,0.152173913043478,0
"281","SMC05146","SMC05146_07/10/12_1",NA,0.711499331,0.761573338,0,-0.155301134386755,-0.0391544732487553,0,NA,NA,NA,-0.0024061014119007,0,-0.00241532595820975,1.02e-06,0,-0.5,0.0214979214054555,-0.136758813217054,0.5
"282","SMC05165","SMC05165_07/12/11_2",NA,0.864818247,0.973691554,-73,204.208335,1.7037037037037,-19,NA,NA,NA,0.102599000024001,-5,0.0457882883783783,-0.48955016,-5,17,0.0557538670925145,0.054054054054054,-34
"283","SMC05199","SMC05199_07/06/11_1",NA,0.889520671,0.86810701,-2.5,-0.000691987895220998,-0.00558991653082777,-2,NA,NA,NA,0.0489791631629887,0,0.0316153678865412,3.61e-09,0,0,0.00774031037709122,0.00338823379659523,-13
"284","SMC05230","SMC05230_07/02/12_1",NA,0.271648498,0.275324329,137,-0.083827884685693,-0.0707323434843928,-81,NA,NA,NA,18.1904537203336,-16,29.6546664732922,-7.81e-06,-4,16,-0.104690168785264,-0.0968459368799622,-76
"285","SMC05296","SMC05296_06/26/12_1",NA,0.947961606,1.064762842,-8,0.049335454662487,0.0006230872587342,0,0.5,-0.374423587238919,-30.5,0.00252332296604923,0,-0.00181163015900368,-4.62e-07,0,0,2.36417865322055,-0.00190203787345549,-1
"286","SMC05402","SMC05402_07/28/11_1",NA,0.823434712,0.880950858,-80,-0.00829740836423631,-0.00554960901734537,-4,NA,NA,NA,0.0211741567105332,-3,0.0146939047776856,0.000128965,-1,-6,-0.00727109996423268,-0.00606938973770093,-3
"287","SMC05567","SMC05567_06/12/13_1",NA,0.571450806,0.439105454,-36,0.0671632397525777,0.048056303730714,-35,NA,NA,NA,1.24056178240963,-4,0.041177382002777,0.002707678,0,0.5,0.0179952434637145,0.0402415609694209,-0.5
"288","SMC05702","SMC05702_06/07/10_1",NA,0.996655312,0.918026582,156.5,0.0431039294632338,0.113947868558053,-186,NA,NA,NA,0.30992121640211,37.5,6.58805052728629,-2.77e-05,-1,26.5,-0.0987288739064389,-0.00723490796576199,-6
"289","SMC05759","SMC05759_06/21/10_1",NA,0.585742424,0.628773991,0,0.0121665804916365,0.00262881054781863,-7.5,NA,NA,NA,0.0379863284361563,-10,0.0392932197542709,1.38e-09,0,0,-0.00946954334944498,-0.00350612276448786,-15
"290","SMC05956","SMC05956_06/19/12_1",NA,0.492528767,0.552976635,163,-0.107251845971067,-0.0771086060402623,-126.5,NA,NA,NA,50.8204622328058,-52,71.0401669102247,-2.87e-05,-135,-62.5,-0.162815426751436,-0.168697248861108,23
"291","SMC06079","SMC06079_06/26/13_2",NA,0.598927346,0.505288604,0,-0.00100907914995909,-0.00101303128826198,0,NA,NA,NA,0.00113239828756287,0,0.00101243514824833,6.28e-06,0,0,0.00259179914535074,-0.00100964326445823,0
"292","SMC06216","SMC06216_06/03/14_1",NA,0.73240367,0.691342403,-4,-0.0047106005163309,-0.00482768151679464,-1,NA,NA,NA,-0.00282987321221823,-1,0.00246463068639576,1.72e-06,-1,-2,-0.00453165694391949,-0.00504126312510758,-5
"293","SMC06298","SMC06298_07/17/12_1",NA,0.842821097,0.814109655,NA,0.074258690184049,0.012732046726433,-1,NA,NA,NA,-0.00218158418527998,0,-0.00218348725331727,2.83e-06,-0.5,-0.5,0,0.00707061518895357,0
"294","SMC06302","SMC06302_06/28/12_1",NA,0.413335294,0.245671618,-7,0.481698883045295,-0.780298900416687,-17.5,-11,18.3423293503714,-54,2.75303908404748,-60.5,2.42637780272918,3.23e-06,37.5,2,-0.192120060677391,-0.382910738370644,-24
"295","SMC06356","SMC06356_06/10/13_1",NA,0.456071551,0.354456996,43,0.0480295566502463,-0.0377358490566038,-196,NA,NA,NA,0.53470710284826,-158,1.21366003855267,0,0,35,-0.166568774577173,-0.0827511858702788,-24.5
"296","SMC06467","SMC06467_06/28/10_1",NA,0.804197329,0.741237788,-0.5,0.0110077037916648,0.00210866533676589,0,NA,NA,NA,-0.000226129338890534,0,-0.000278940167363998,-3.74e-07,0,-1,0,0.000617605689677423,-1
"297","SMC06740","SMC06740_06/10/13_1",NA,0.47046677,0.624131376,-40,0.25,0.124408283879484,-8,NA,NA,NA,4.23414329800551,-49.5,1.77084364348299,3.93e-06,42.5,72,-0.00980542464970386,-0.554988408109456,-26
"298","SMC06794","SMC06794_07/18/12_1",NA,0.718570065,0.691931349,-3,-0.101883796127716,-0.0242928998440148,0,NA,NA,NA,-0.00275588480910248,0,-0.00275094982467619,-1.35e-06,0,2,0.00417518100388161,-0.0907391756963738,-2
"299","SMC06863","SMC06863_07/21/11_1",NA,0.897202313,0.906124688,0,-0.000929898378289011,-0.000950226494939388,0,0,0.00700825920593807,0,0.00180998640807692,0,-0.00094841951156807,-2.7e-07,0,0,0.00397918092258966,-0.000909371462638751,0
"300","SMC06918","SMC06918_07/16/12_1",NA,0.491528338,0.495768589,NA,-0.530420550127436,-0.560261025277664,35,NA,NA,NA,33.0529794321935,-7,6.66060050395771,0.001304973,37,55,-0.530139103554869,-0.513507940432414,-23
"301","SMC07126","SMC07126_07/12/12_1",NA,0.522825658,0.405112241,-50,0,0.983664805678242,-59,NA,NA,NA,9.63062166624002,-24,6.01856981891892,-0.211000496,35,64,-0.739241071392857,0.054054054054054,-30
"302","SMC08094","SMC08094_06/28/12_1",NA,0.341548296,0.391166109,-39.5,-0.465986394557823,-0.498203135995183,26,NA,NA,NA,1.73711488189524,-163,0.946066171844188,-0.000681442,-2,37,-0.456912717779125,-0.459279001732545,-18
"303","SMC08150","SMC08150_07/08/14_1",NA,0.551673343,0.519070511,80,0.167475122615767,0.0603821140931656,-64,NA,NA,NA,0.830466697906242,-2,1.50905272177561,-2.55e-06,0,21,0.0763999649996669,0.0510122811582304,-21
"304","SMC08157","SMC08157_06/22/11_1",NA,0.996616989,0.943632553,0,0.102082425513325,0.0117728266306358,0,NA,NA,NA,0.0011043869992624,0,-0.00121420899017387,2.01e-07,0,0,0,0.00944332478940455,-1
"305","SMC08335","SMC08335_07/07/10_1",NA,0.53485354,0.491201163,NA,0,0,0,NA,NA,NA,0.00755499078185739,0,0.00788382678158821,-3.7e-05,0,0,0,0.00344999999999995,-10
"306","SMC08655","SMC08655_06/21/12_1",NA,0.847074911,0.911502255,0,-0.000959251608055531,-0.000962759937271804,0,0.5,0.0115734606536214,0,0.00044393056198659,0,-0.000952197820622677,1.33e-06,0,0,-0.00095762807326978,-0.000956251494142915,0
"307","SMC08766","SMC08766_2018-07-10 00:00:00_1",2018-07-10,0.672204983155409,0.70249262477807,-101,-0.144416829295438,-0.162687957393103,-330,NA,NA,NA,2.69910526001181,-86,1.11023138914536,9.67e-08,-2,53.5,-0.199641965107634,-0.172475621227206,-15
"308","SMC08845","SMC08845_06/22/09_1",NA,0.752375269,0.869459032,5,0.00526315789473685,0.438247011952191,-5,NA,NA,NA,0.398146153800001,-20,0.0277403846153845,-0.080658779,-1,-20,1.71830985915493,0.249843847595253,14
"309","SMC09118","SMC09118_05/22/13_1",NA,0.508148246,0.631731133,-44,-0.514723612952027,-0.549703400395737,25.5,NA,NA,NA,2.15597091417051,-4.5,1.23868318037521,-0.000815189,13,41.5,-0.516541942427421,-0.509626454679775,-22.5
"310","SMC09162","SMC09162_08/01/11_1",NA,0.692825004,0.71859295,-6,0,0.666666666666667,-51,NA,NA,NA,0.0272166666480002,-51,0.03152788164511,0.002572161,-5,-28,-0.0907142857142857,0.054054054054054,-22
"311","SMC09286","SMC09286_06/09/10_1",NA,1.049590205,0.973336315,-3,0.121284183933619,0.108269866368776,-70,NA,NA,NA,5.97473066059656,-3,0.868993579894801,6.22e-08,46,64,-0.0138431018271859,0.000727155207709158,-29.5
"312","SMC09503","SMC09503_06/04/12_1",NA,1.05149493,0.981810301,0,-0.000116980153369063,-0.000117848815734413,-1,NA,NA,NA,-0.000111462024052183,0,-0.000114621009911868,-2.1e-07,0,0,0.00606427810775415,0.00331838890363955,0
"313","SMC09534","SMC09534_2018-07-10 00:00:00_1",2018-07-10,0.73844181563886,0.79709061270497,151,0.0407574358758157,0.090872356866957,-78,NA,NA,NA,53.6410404370734,76,5.58945644389373,8.45e-07,0,67,-0.115630376247716,-0.030915117743221,-26.5
"314","SMC10189","SMC10189_06/24/10_1",NA,0.457060865,0.489064729,-115,0.4,0.483735571066131,-57,NA,NA,NA,2.24256821085811,-35,0.237966812176385,2.92e-06,37,62.5,0,-0.0529159947013182,-26.5
"315","SMC10685","SMC10685_07/01/10_1",NA,0.50101178,0.591605785,-62.5,-0.966666666666667,3.12356481388889,-68,NA,NA,NA,71.2244283352002,-21,141.393254513514,-0.156449408,-9.5,-53,-0.739285714285714,0.249371017550132,-31.5
"316","SMC11343","SMC11343_06/04/12_1",NA,0.742826471,0.750337532,-98,0.0978594776768829,0.0280849612358084,-4,-5,0.0534034553483225,0,0.0110566734053494,-3,0.0156475736061083,8.8e-05,0,0,0.0257143677637973,0.00363892314182319,0
"317","SMC11593","SMC11593_06/21/12_1",NA,0.645801789,0.618124119,-4,-0.00461821009573125,-0.00280474901166603,-13,NA,NA,NA,0.0154797967276936,-1,0.0014387728218985,2.14e-05,0,0,0.0122312427859891,0.000193883498926453,-1
"318","SMC11727","SMC11727_06/09/10_1",NA,0.857771498,0.918164757,0,-0.000518905338378159,-0.000518795730521503,0,0.5,0.0111177225944655,0,-0.000362981873192405,0,-0.000448011803059317,1.72e-07,0,0,-0.000516773674114616,-0.000519047667386455,0
"319","SMC12246","SMC12246_07/23/13_1",NA,0.601432678,0.757140888,-48,0,1.06520254583333,-47,NA,NA,NA,9.85599266624002,-24,15.2795382891892,-0.221668685,35,-6,-0.739241071392857,0.054054054054054,-30
"320","SMC12862","SMC12862_06/27/11_1",NA,0.802261,0.875023345,-187,-0.152220228925833,-0.162754332528064,-182,NA,NA,NA,0.831120499838292,-119,0.26267495582552,-0.00030542,0,19,-0.154124938576296,-0.149209247595471,-13
"321","SMC13062","SMC13062_07/23/13_1",NA,1.046310385,1.056575756,-87,-0.510628222767283,-0.554754265031678,34,NA,NA,NA,22.3044917423464,-1,5.24383039503257,2.24e-05,32,61,-0.523966973622018,-0.510545349971474,-22
"322","SMC13214","SMC13214_05/22/13_1",NA,0.440592922,0.497349723,-77.5,120.75,38.9704720298149,36.5,NA,NA,NA,0.0908967894726136,36.5,0.0742419880453711,0.050250578,-0.5,12.5,1612.28291008094,305979.163497903,-13
"323","SMC13599","SMC13599_06/04/12_1",NA,1.003037838,0.904206162,0,-0.000107181748850137,-0.000109237894486373,0,NA,NA,NA,-0.000102111639668727,0,-0.000108481689346437,-3.95e-07,0,0,0.0060292558195164,0.00332410823924636,0
"324","SMC13630","SMC13630_06/21/12_1",NA,0.532093319,0.601153955,126,-0.0635255408402691,0.0873298940928229,-167,NA,NA,NA,7.81317490241906,-11,5.5629363490315,-5.97e-08,34,70.5,-0.189386045677791,-0.171934150320095,-35
"325","SMC14099","SMC14099_06/13/13_1",NA,0.692991654,0.652814686,-43,0.25,-0.767435897388166,-30,NA,NA,NA,6.77073456640645,-69,0.453197699192576,3.93e-05,48,76,-0.999528068146982,-0.11981069609732,-29
"326","SMC14218","SMC14218_07/11/12_1",NA,0.436919411,0.458030281,-12,0,0.666666666666667,-53,NA,NA,NA,0.0258812228915183,-55,0.0277810225253937,-0.013588947,-1,8,-0.0907142857142857,0.054054054054054,-8
"327","SMC16266","SMC16266_08/01/11_1",NA,0.793962202,0.815234167,-12,0,0.666666666666667,-65,NA,NA,NA,0.0227414225444404,-52,0.0277040356165745,-0.025389908,-1,-3,-0.0907142857142857,0.054054054054054,-7
"328","SMC16446","SMC16446_06/21/12_1",NA,0.833190628,0.807215171,0,0.0201964531330917,0.00525580642804007,-5,NA,NA,NA,0.0765240209330132,-10,0.0422856364640732,2.09e-08,0,-1,0.0168899242753043,0.026654259963153,-1.5
"329","SMC16832","SMC16832_06/18/10_2",NA,0.758092249,0.890997233,-0.5,-0.107698233430851,0.0255433586536952,-143,NA,NA,NA,6.24574570619998,13.5,3.3963182873855,-3.38e-08,-1,64.5,-0.198138404587695,-0.136900533790031,-58
"330","SMC16980","SMC16980_07/06/11_1",NA,0.680302692,0.763262985,9.5,0.072562089242312,0.00864443905867051,-18,NA,NA,NA,0.0537897290354131,-62,0.0363211968007635,2.56e-08,0,0,0.0125582032720195,0.0234160185114313,-11
"331","SMC18545","SMC18545_06/25/13_1",NA,0.649346632,0.605259624,0,-0.000170177477355415,-0.000170255135436153,0,NA,NA,NA,-0.000168296433339127,0,-0.000159861836565039,-1.31e-07,0,0,0.00291556092442773,-0.000161245743257054,0
"332","SMC19669","SMC19669_06/12/13_1",NA,0.752171121,0.61744728,-45,0,0.0256410256410257,-1,NA,NA,NA,1.147033334,-15,0,-0.00982906,0,23,0.752577319587629,-0.23,-28
"333","SMC19697","SMC19697_06/24/13_1",NA,0.592282966,0.671275243,NA,0,0,0,NA,NA,NA,0.0118605610216151,0,0.00796498514547629,-2.87e-05,0,1,0,0.00399166659999999,-1
"334","SMC19809","SMC19809_06/25/13_1",NA,1.25151438,1.220335584,0,-9.53364492357232e-05,-9.65911370089105e-05,0,NA,NA,NA,-9.1927132295699e-05,0,-9.53371860525452e-05,1.62e-07,0,0,0.00608891124687621,0.00333014745480879,0
"335","SMC19945","SMC19945_06/25/13_1",NA,0.89084662,0.863461689,0,-0.000914939741841144,-0.00091540538857274,0,NA,NA,NA,3.56673210291907e-05,0,-0.000911182485162593,3.12e-06,0,0,-0.00090886106275654,-0.000909712121805619,0
"336","SMC20032","SMC20032_06/18/10_1",NA,0.672716797,0.857560064,24.5,-0.10867925111575,0.0244195459779616,-143,NA,NA,NA,7.00192495546679,13,5.87799715179265,4.29e-07,-1,62.5,-0.199241333985283,-0.151285738203695,-30.5
"337","SMC20497","SMC20497_07/16/13_1",NA,0.459390418,0.496733054,1.5,0.166640343340366,0.0488114625356954,-14,NA,NA,NA,0.0287229739024686,-14,0.0128546571076963,0.001294744,0,0,0,0.0275265364842951,-4
"338","SMC21822","SMC21822_06/21/10_1",NA,0.298755523,0.373183633,NA,198.16667,1.53348754972043,71,NA,NA,NA,0.0746308243687983,71,0.0208419123343461,0.067529467,0,34,833.666666,-0.202190989324228,-9
"339","SMC23495","SMC23495_07/16/13_1",NA,0.791901386,0.6679645,-25,0,0.460138887777774,-53,NA,NA,NA,0.0268515133532771,-52,0.0269945117259187,-0.012244332,-1,0,-0.0907142857142857,0.054054054054054,-5
"340","SMC24222","SMC24222_06/21/10_1",NA,0.359033454,0.39764941,NA,186.08333,2.69645658248336,44,NA,NA,NA,0.0430883826893046,44,0.0157989569746546,0.052182367,0,33,839.333334,-0.0322252379152107,-9
"341","SMC26288","SMC26288_05/12/09_1",NA,0.553871141,0.63209419,-3,0.0672105822834856,0.0112400616824798,-1,NA,NA,NA,0.000490568780992958,-3,-0.00387728072181605,-1.47e-06,0,6,-0.033432374944748,-0.0138552978703077,-6
"342","SMC26694","SMC26694_07/16/13_1",NA,0.610515486,0.577358005,-46,0,0.666666666666667,-53,NA,NA,NA,0.0154039828091704,-55,0.0268496018738131,-0.486052632,0,-3,0.0714285714285715,0.054054054054054,-31
"343","SMC26909","SMC26909_05/31/10_1",NA,0.343175349,0.378218202,125.5,-0.0112875093836942,-0.0389603172727691,-19.5,NA,NA,NA,0.177983884522962,-39,0.209516511164479,3.86e-08,0,4,-0.0475568825050799,-0.0410978554522197,-4
"344","SMC27709","SMC27709_05/31/10_1",NA,0.331738538,0.370611135,122,-0.0112762029864197,-0.038943595041858,-19.5,NA,NA,NA,0.186012124065142,-39,0.201989966862175,2.4e-08,0,2,-0.0475611548893494,-0.0407270491682069,-23
"345","SMC29064","SMC29064_06/25/12_1",NA,1.006214503,1.123874406,-1,0,0,-4,NA,NA,NA,-9.35007895564569e-06,-4,0.000199521870645477,-4.2e-06,0,0,0,0,0
"346","SMC32897","SMC32897_06/21/10_1",NA,0.646566541,0.614264666,NA,-0.0857142857142858,-0.0857142857142858,NA,NA,NA,NA,36.7672976122857,NA,NA,0.387865605,NA,NA,-0.0941176470588236,-0.0544117647058824,NA
"347","SMC34888","SMC34888_06/24/10_1",NA,0.563634597,0.640777236,-4,0.0155190312967122,0.05054304925085,-1,NA,NA,NA,-0.00346609164736983,0,-0.00050273588406232,5.32e-07,-1,-1,0,-0.926986583834906,-5
"348","SMC35697","SMC35697_06/10/10_1",NA,0.740013605,0.86678107,NA,0,0,0,NA,NA,NA,0.0128840837759568,0,0.0120859518425776,-0.000131161,0,3,0,0,-3
"349","SMC35837","SMC35837_06/25/12_1",NA,0.804312446,0.680227226,0.5,-0.00098411121958061,-0.000901892119085614,0,NA,NA,NA,0.000249843362512592,0,0.000936168803301879,3.65e-06,0,0,989.708335,-0.00250014053867189,0
"350","SMC40887","SMC40887_06/12/13_1",NA,0.299241865,0.429728333,-101,-0.0356666004369815,-0.0303474086832202,-6,NA,NA,NA,0.450133643316744,-25,1.09722742951905,-2.45e-06,-80,7.5,-0.0428302270068195,-0.0451339521192252,-0.5
"351","SMCR8_218","SMCR8_218_06/22/09_1",NA,1.223396615,1.252088182,-2,-0.00124441240613384,-0.00148037611685633,0,-3.5,0.0331438104329531,0,-0.00133547938397976,0,-0.00170254832907239,-4.76e-06,0,-3,-0.00159026859557876,-0.00130329835162396,-1
"352","SMCR8_219","SMCR8_219_07/06/09_1",NA,0.764359071,0.905652761,-9,0,0,0,NA,NA,NA,0.00320456565231584,-1,0.00372478768711785,-0.0005267,0,0,0,0.0814621409887639,-1
"353","SMCR8_474","SMCR8_474_07/05/09_1",NA,1.008864891,0.96399199,-1,0,0,-1,NA,NA,NA,0,-2,0,-0.002761041,1,-1,0,0,-1
"354","SMCR8_513","SMCR8_513_06/22/09_1",NA,0.811224561,0.800125753,NA,-0.0294117647058824,-0.0332714055886588,-13,NA,NA,NA,-0.00260456387175851,-6.5,-0.00529299406105493,-4.36e-06,0,-2,-0.524051232169628,-0.00319323267672529,2
"355","SMCR8_605","SMCR8_605_07/01/09_1",NA,0.946285551,0.888459997,-2.5,0.00711775043936743,-0.00092705788840454,0,NA,NA,NA,-0.00607500861053173,-1,-0.00609161597014139,6.05e-06,0,-1,-0.00409454987149958,0.00667225300725905,-5
"356","SMCR8_688","SMCR8_688_07/01/09_2",NA,1.078734618,1.007896119,0.5,-0.00348948935436821,-0.00157275901945962,0,NA,NA,NA,-0.000996539671952103,0,-0.00116645022148451,9.65e-07,0,-1,-0.00114635209295425,-0.00302114803625378,0
