"site","hydro.endpoints","hydro","Scenario","FlowMetric","PredictedProbability","PredictedProbabilityScaled","index"
101010,"DS_Dur_WS",19,"Current","ds_dur_ws",0.427226883532877,0.856626185802103,"ASCI"
101011,"DS_Dur_WS",20.5,"Current","ds_dur_ws",0.426551156842267,0.845337139879611,"ASCI"
101012,"DS_Dur_WS",29,"Current","ds_dur_ws",0.422727287088572,0.781453558172784,"ASCI"
101020,"DS_Dur_WS",104,"Current","ds_dur_ws",0.389435531962839,0.225263966023889,"ASCI"
201010,"DS_Dur_WS",29.5,"Current","ds_dur_ws",0.422502637015267,0.777700435750269,"ASCI"
201020,"DS_Dur_WS",28.5,"Current","ds_dur_ws",0.422951969127984,0.785207214637936,"ASCI"
201030,"DS_Dur_WS",25,"Current","ds_dur_ws",0.424525631021279,0.811497638897826,"ASCI"
201031,"DS_Dur_WS",72,"Current","ds_dur_ws",0.403533461776869,0.460791405289129,"ASCI"
201050,"DS_Dur_WS",46,"Current","ds_dur_ws",0.415107693148271,0.654156609424036,"ASCI"
201061,"DS_Dur_WS",26.5,"Current","ds_dur_ws",0.423851015177584,0.800227151368872,"ASCI"
201070,"DS_Dur_WS",22,"Current","ds_dur_ws",0.42587570425548,0.83405267327993,"ASCI"
201080,"DS_Dur_WS",22,"Current","ds_dur_ws",0.42587570425548,0.83405267327993,"ASCI"
201090,"DS_Dur_WS",34,"Current","ds_dur_ws",0.420482239393326,0.74394660916221,"ASCI"
201091,"DS_Dur_WS",135,"Current","ds_dur_ws",0.375951941292716,0,"ASCI"
201100,"DS_Dur_WS",4,"Current","ds_dur_ws",0.433998693539774,0.969759609727067,"ASCI"
203010,"DS_Dur_WS",19.5,"Current","ds_dur_ws",0.427001610995502,0.852862664167034,"ASCI"
204010,"DS_Dur_WS",46,"Current","ds_dur_ws",0.415107693148271,0.654156609424036,"ASCI"
205010,"DS_Dur_WS",16,"Current","ds_dur_ws",0.428579149573385,0.879217854361074,"ASCI"
207010,"DS_Dur_WS",59,"Current","ds_dur_ws",0.409308014852994,0.55726412978569,"ASCI"
301010,"DS_Dur_WS",7,"Current","ds_dur_ws",0.432642274515913,0.94709855924129,"ASCI"
301011,"DS_Dur_WS",45,"Current","ds_dur_ws",0.415554819878786,0.661626544035333,"ASCI"
301020,"DS_Dur_WS",3,"Current","ds_dur_ws",0.434451054054843,0.977316982699157,"ASCI"
401080,"DS_Dur_WS",13,"Current","ds_dur_ws",0.429932483032704,0.901827355780783,"ASCI"
401101,"DS_Dur_WS",0,"Current","ds_dur_ws",0.435808787942985,1,"ASCI"
401120,"DS_Dur_WS",8.5,"Current","ds_dur_ws",0.431964442161159,0.935774334984805,"ASCI"
402010,"DS_Dur_WS",0,"Current","ds_dur_ws",0.435808787942985,1,"ASCI"
402020,"DS_Dur_WS",20,"Current","ds_dur_ws",0.42677636873552,0.849099648362044,"ASCI"
402021,"DS_Dur_WS",17,"Current","ds_dur_ws",0.428128274667876,0.871685300764589,"ASCI"
402022,"DS_Dur_WS",18.5,"Current","ds_dur_ws",0.427452186258261,0.86039021177394,"ASCI"
402023,"DS_Dur_WS",21,"Current","ds_dur_ws",0.426325975405027,0.841575140211379,"ASCI"
402030,"DS_Dur_WS",13.5,"Current","ds_dur_ws",0.429706854152689,0.898057880897929,"ASCI"
402031,"DS_Dur_WS",2,"Current","ds_dur_ws",0.434903523779023,0.984876180176156,"ASCI"
402040,"DS_Dur_WS",1,"Current","ds_dur_ws",0.43535610198456,0.992437189999839,"ASCI"
402041,"DS_Dur_WS",0,"Current","ds_dur_ws",0.435808787942985,1,"ASCI"
403010,"DS_Dur_WS",28,"Current","ds_dur_ws",0.423176683045087,0.788961403668576,"ASCI"
403011,"DS_Dur_WS",8.5,"Current","ds_dur_ws",0.431964442161159,0.935774334984805,"ASCI"
501020,"DS_Dur_WS",3,"Current","ds_dur_ws",0.434451054054843,0.977316982699157,"ASCI"
502010,"DS_Dur_WS",13,"Current","ds_dur_ws",0.429932483032704,0.901827355780783,"ASCI"
502011,"DS_Dur_WS",0,"Current","ds_dur_ws",0.435808787942985,1,"ASCI"
502020,"DS_Dur_WS",7.5,"Current","ds_dur_ws",0.432416302248735,0.943323347551675,"ASCI"
201040,"DS_Dur_WS",-10,"Current","ds_dur_ws",0.00764051528525265,0.0113682929493068,"ASCI"
201041,"DS_Dur_WS",-4.5,"Current","ds_dur_ws",0.189385344104252,0.281785716238023,"ASCI"
201060,"DS_Dur_WS",-1.5,"Current","ds_dur_ws",0.600467976889279,0.893433965262907,"ASCI"
201062,"DS_Dur_WS",-8,"Current","ds_dur_ws",0.0259404027354273,0.0385966242471293,"ASCI"
301030,"DS_Dur_WS",-12,"Current","ds_dur_ws",0.00222100951112407,0.00330463140547445,"ASCI"
401070,"DS_Dur_WS",-14,"Current","ds_dur_ws",0.000643130497825086,0.000956911364082828,"ASCI"
401100,"DS_Dur_WS",-29,"Current","ds_dur_ws",5.8418011791578e-08,8.6919931999915e-08,"ASCI"
401110,"DS_Dur_WS",-6.5,"Current","ds_dur_ws",0.063271494333225,0.0941414101099783,"ASCI"
401121,"DS_Dur_WS",-1,"Current","ds_dur_ws",0.672089936397909,1,"ASCI"
402050,"DS_Dur_WS",-42,"Current","ds_dur_ws",1.83422518771091e-11,2.72910347844352e-11,"ASCI"
402051,"DS_Dur_WS",-35,"Current","ds_dur_ws",1.41167302065064e-09,2.10042246157106e-09,"ASCI"
402060,"DS_Dur_WS",-36,"Current","ds_dur_ws",7.59041173880925e-10,1.12937407738082e-09,"ASCI"
403020,"DS_Dur_WS",-7,"Current","ds_dur_ws",0.0471916869891418,0.0702163273595007,"ASCI"
403030,"DS_Dur_WS",-26,"Current","ds_dur_ws",3.75796711374607e-07,5.59146463591851e-07,"ASCI"
404010,"DS_Dur_WS",-58,"Current","ds_dur_ws",2.22044604925031e-16,0,"ASCI"
405010,"DS_Dur_WS",-61.5,"Current","ds_dur_ws",2.22044604925031e-16,0,"ASCI"
405020,"DS_Dur_WS",-80,"Current","ds_dur_ws",2.22044604925031e-16,0,"ASCI"
501010,"DS_Dur_WS",-25,"Current","ds_dur_ws",6.98910580723741e-07,1.03990633195244e-06,"ASCI"
501011,"DS_Dur_WS",-32,"Current","ds_dur_ws",9.08114170148295e-09,1.35117950554491e-08,"ASCI"
502030,"DS_Dur_WS",-73,"Current","ds_dur_ws",2.22044604925031e-16,0,"ASCI"
201061,"SP_Dur",17,"Current","sp_dur",2.22044604925031e-16,0,"ASCI"
301010,"SP_Dur",18.5,"Current","sp_dur",2.22044604925031e-16,0,"ASCI"
301020,"SP_Dur",0,"Current","sp_dur",0.518619753352855,1,"ASCI"
301030,"SP_Dur",1.5,"Current","sp_dur",2.22044604925031e-16,0,"ASCI"
401101,"SP_Dur",0,"Current","sp_dur",0.518619753352855,1,"ASCI"
401110,"SP_Dur",0,"Current","sp_dur",0.518619753352855,1,"ASCI"
401120,"SP_Dur",0,"Current","sp_dur",0.518619753352855,1,"ASCI"
401121,"SP_Dur",0,"Current","sp_dur",0.518619753352855,1,"ASCI"
402041,"SP_Dur",0,"Current","sp_dur",0.518619753352855,1,"ASCI"
403020,"SP_Dur",3,"Current","sp_dur",2.22044604925031e-16,0,"ASCI"
403030,"SP_Dur",4,"Current","sp_dur",2.22044604925031e-16,0,"ASCI"
404010,"SP_Dur",49,"Current","sp_dur",2.22044604925031e-16,0,"ASCI"
405010,"SP_Dur",17.5,"Current","sp_dur",2.22044604925031e-16,0,"ASCI"
405020,"SP_Dur",11,"Current","sp_dur",2.22044604925031e-16,0,"ASCI"
501011,"SP_Dur",35,"Current","sp_dur",2.22044604925031e-16,0,"ASCI"
502030,"SP_Dur",36.5,"Current","sp_dur",2.22044604925031e-16,0,"ASCI"
101010,"SP_Dur",-42.5,"Current","sp_dur",1.51428579361566e-12,3.85863693134616e-12,"ASCI"
101011,"SP_Dur",-29.5,"Current","sp_dur",6.65733546614948e-09,1.69664187878745e-08,"ASCI"
101012,"SP_Dur",-41,"Current","sp_dur",3.98625141195101e-12,1.01585155422428e-11,"ASCI"
101020,"SP_Dur",-24.5,"Current","sp_dur",1.67683307662709e-07,4.2734594450437e-07,"ASCI"
201010,"SP_Dur",-49,"Current","sp_dur",2.22044604925031e-16,0,"ASCI"
201020,"SP_Dur",-42,"Current","sp_dur",2.09086885736596e-12,5.32807618397292e-12,"ASCI"
201030,"SP_Dur",-16,"Current","sp_dur",4.0410519816764e-05,0.000102987423271237,"ASCI"
201031,"SP_Dur",-10,"Current","sp_dur",0.00193685611076767,0.00493613596164224,"ASCI"
201040,"SP_Dur",-38,"Current","sp_dur",2.76234782327329e-11,7.03986979155865e-11,"ASCI"
201041,"SP_Dur",-33,"Current","sp_dur",6.95773401467111e-10,1.77319884166963e-09,"ASCI"
201050,"SP_Dur",-46,"Current","sp_dur",1.58261481112804e-13,4.02768249828902e-13,"ASCI"
201060,"SP_Dur",-18,"Current","sp_dur",1.11181204500852e-05,2.83348638411215e-05,"ASCI"
201062,"SP_Dur",-7,"Current","sp_dur",0.013269409844092,0.0338174894650475,"ASCI"
201070,"SP_Dur",-36,"Current","sp_dur",1.00404723916896e-10,2.55883888146039e-10,"ASCI"
201080,"SP_Dur",-41,"Current","sp_dur",3.98625141195101e-12,1.01585155422428e-11,"ASCI"
201090,"SP_Dur",-11,"Current","sp_dur",0.00101685635668018,0.00259148896096551,"ASCI"
201091,"SP_Dur",-27.5,"Current","sp_dur",2.41978186886303e-08,6.1668867017115e-08,"ASCI"
201100,"SP_Dur",-38,"Current","sp_dur",2.76234782327329e-11,7.03986979155865e-11,"ASCI"
203010,"SP_Dur",-45.5,"Current","sp_dur",2.18521499425444e-13,5.563427160934e-13,"ASCI"
204010,"SP_Dur",-73,"Current","sp_dur",2.22044604925031e-16,0,"ASCI"
205010,"SP_Dur",-5.5,"Current","sp_dur",0.0341901863543784,0.0871347166477041,"ASCI"
207010,"SP_Dur",-11.5,"Current","sp_dur",0.000736652148403545,0.00187738012170345,"ASCI"
301011,"SP_Dur",-22,"Current","sp_dur",8.41558420056915e-07,2.14473690475838e-06,"ASCI"
401070,"SP_Dur",-10.5,"Current","sp_dur",0.0014034935982624,0.00357684558176682,"ASCI"
401080,"SP_Dur",-19,"Current","sp_dur",5.83170811151217e-06,1.48622832464999e-05,"ASCI"
401100,"SP_Dur",-7,"Current","sp_dur",0.013269409844092,0.0338174894650475,"ASCI"
402010,"SP_Dur",-37,"Current","sp_dur",5.26642925106271e-11,1.34215965072795e-10,"ASCI"
402020,"SP_Dur",-31,"Current","sp_dur",2.52896958056727e-09,6.44515435457347e-09,"ASCI"
402021,"SP_Dur",-47,"Current","sp_dur",2.22044604925031e-16,0,"ASCI"
402022,"SP_Dur",-54,"Current","sp_dur",2.22044604925031e-16,0,"ASCI"
402023,"SP_Dur",-53,"Current","sp_dur",2.22044604925031e-16,0,"ASCI"
402030,"SP_Dur",-48,"Current","sp_dur",2.22044604925031e-16,0,"ASCI"
402031,"SP_Dur",-49,"Current","sp_dur",2.22044604925031e-16,0,"ASCI"
402040,"SP_Dur",-47,"Current","sp_dur",2.22044604925031e-16,0,"ASCI"
402050,"SP_Dur",-2,"Current","sp_dur",0.253018519792404,0.644825295779923,"ASCI"
402051,"SP_Dur",-1,"Current","sp_dur",0.392383055454384,1,"ASCI"
402060,"SP_Dur",-6,"Current","sp_dur",0.0249975033757616,0.0637068880225064,"ASCI"
403010,"SP_Dur",-11.5,"Current","sp_dur",0.000736652148403545,0.00187738012170345,"ASCI"
403011,"SP_Dur",-32,"Current","sp_dur",1.32649529523636e-09,3.38061252837653e-09,"ASCI"
501010,"SP_Dur",-2.5,"Current","sp_dur",0.196990110568688,0.502035212352814,"ASCI"
501020,"SP_Dur",-1,"Current","sp_dur",0.392383055454384,1,"ASCI"
502010,"SP_Dur",-3,"Current","sp_dur",0.15086288481817,0.384478592337452,"ASCI"
502011,"SP_Dur",-16,"Current","sp_dur",4.0410519816764e-05,0.000102987423271237,"ASCI"
502020,"SP_Dur",-12,"Current","sp_dur",0.000533619566536873,0.00135994548979367,"ASCI"
101010,"DS_Mag_50",0.0469320436041667,"Current","ds_mag_50",0.626620301099843,0.974141941343971,"ASCI"
201010,"DS_Mag_50",1.70442064305768,"Current","ds_mag_50",0.616649831377534,0.0559887843815561,"ASCI"
201020,"DS_Mag_50",1.80495149904564,"Current","ds_mag_50",0.616041834252836,0,"ASCI"
201030,"DS_Mag_50",0.043684090454075,"Current","ds_mag_50",0.626639736710059,0.975931713277944,"ASCI"
201040,"DS_Mag_50",1.078625,"Current","ds_mag_50",0.620426294923712,0.403752934280972,"ASCI"
201041,"DS_Mag_50",1.01321219896665,"Current","ds_mag_50",0.620820207004185,0.440027215265226,"ASCI"
201060,"DS_Mag_50",0.665725,"Current","ds_mag_50",0.622910074384757,0.63247735919496,"ASCI"
201062,"DS_Mag_50",0.60115,"Current","ds_mag_50",0.623297942678794,0.668195084495143,"ASCI"
201070,"DS_Mag_50",0.944344416666665,"Current","ds_mag_50",0.621234752721818,0.478201591192386,"ASCI"
201080,"DS_Mag_50",0.93594381337001,"Current","ds_mag_50",0.621285307575797,0.482857048765966,"ASCI"
201090,"DS_Mag_50",0,"Current","ds_mag_50",0.626901100647231,1,"ASCI"
201091,"DS_Mag_50",0,"Current","ds_mag_50",0.626901100647231,1,"ASCI"
201100,"DS_Mag_50",1.038375,"Current","ds_mag_50",0.620668696899163,0.42607506605742,"ASCI"
203010,"DS_Mag_50",0.520229898052835,"Current","ds_mag_50",0.623783764449378,0.712933076265461,"ASCI"
204010,"DS_Mag_50",0.327074891786808,"Current","ds_mag_50",0.624942405791301,0.819629173390535,"ASCI"
205010,"DS_Mag_50",0.102512636719543,"Current","ds_mag_50",0.626287645931605,0.943508641067838,"ASCI"
207010,"DS_Mag_50",0.11512353851802,"Current","ds_mag_50",0.626212151840478,0.936556597680683,"ASCI"
301010,"DS_Mag_50",0.81988698314785,"Current","ds_mag_50",0.621983467846321,0.547148709470036,"ASCI"
301011,"DS_Mag_50",0.220591874051963,"Current","ds_mag_50",0.625580534256377,0.878392670103804,"ASCI"
301020,"DS_Mag_50",0.256715780201166,"Current","ds_mag_50",0.625364100726111,0.858461901080794,"ASCI"
301030,"DS_Mag_50",0.238746108302329,"Current","ds_mag_50",0.62547177086826,0.868376948583858,"ASCI"
401080,"DS_Mag_50",0.6253,"Current","ds_mag_50",0.623152904708534,0.654838936391551,"ASCI"
401101,"DS_Mag_50",0.00373939212153479,"Current","ds_mag_50",0.626878730589224,0.997940002833108,"ASCI"
401110,"DS_Mag_50",0.144959542387157,"Current","ds_mag_50",0.626033516672174,0.920106575937331,"ASCI"
401120,"DS_Mag_50",0.2184,"Current","ds_mag_50",0.625593665081409,0.879601851696317,"ASCI"
401121,"DS_Mag_50",0.0452499999999998,"Current","ds_mag_50",0.626630366426571,0.975068829621941,"ASCI"
402010,"DS_Mag_50",0,"Current","ds_mag_50",0.626901100647231,1,"ASCI"
402030,"DS_Mag_50",0.10031536048171,"Current","ds_mag_50",0.626300799109905,0.944719881111322,"ASCI"
402031,"DS_Mag_50",0.453375,"Current","ds_mag_50",0.624184954952631,0.749877607201735,"ASCI"
402040,"DS_Mag_50",0.6309,"Current","ds_mag_50",0.623119269562828,0.651741568255993,"ASCI"
402041,"DS_Mag_50",0.0185000000000004,"Current","ds_mag_50",0.626790423328572,0.989808029876144,"ASCI"
402050,"DS_Mag_50",0.023447022627804,"Current","ds_mag_50",0.626760825229074,0.987082422231635,"ASCI"
402051,"DS_Mag_50",0.0125043339607447,"Current","ds_mag_50",0.626826294202049,0.993111280038182,"ASCI"
402060,"DS_Mag_50",0.0525773159179487,"Current","ds_mag_50",0.626586519063253,0.971031046430502,"ASCI"
403011,"DS_Mag_50",0.4417922344954,"Current","ds_mag_50",0.624254444834485,0.756276739457099,"ASCI"
403020,"DS_Mag_50",1.01285845012425,"Current","ds_mag_50",0.620822336826695,0.440223344767216,"ASCI"
403030,"DS_Mag_50",0.82315,"Current","ds_mag_50",0.621963845487932,0.54534174041006,"ASCI"
404010,"DS_Mag_50",0.377539887566607,"Current","ds_mag_50",0.624639828722084,0.791765682595811,"ASCI"
405010,"DS_Mag_50",0.552979711174174,"Current","ds_mag_50",0.623587173616088,0.694829566677447,"ASCI"
405020,"DS_Mag_50",0.190774449563246,"Current","ds_mag_50",0.625759145170499,0.894840458346117,"ASCI"
501010,"DS_Mag_50",0.564663704547231,"Current","ds_mag_50",0.623517026994943,0.688369957105559,"ASCI"
501011,"DS_Mag_50",0.0552195938345552,"Current","ds_mag_50",0.626570706907612,0.969574948470811,"ASCI"
501020,"DS_Mag_50",0.507753542483993,"Current","ds_mag_50",0.623858646894506,0.719828794853482,"ASCI"
502010,"DS_Mag_50",0.671694888016797,"Current","ds_mag_50",0.622874208425591,0.629174561578232,"ASCI"
502011,"DS_Mag_50",0.557276168341897,"Current","ds_mag_50",0.623561379787919,0.692454283925145,"ASCI"
502020,"DS_Mag_50",0.241994008067777,"Current","ds_mag_50",0.625452311118745,0.866584953728269,"ASCI"
502030,"DS_Mag_50",0.233136950005137,"Current","ds_mag_50",0.625505377112537,0.871471655266292,"ASCI"
101011,"DS_Mag_50",-0.00409081217862483,"Current","ds_mag_50",0.734479543728348,1,"ASCI"
101012,"DS_Mag_50",-0.154771581858776,"Current","ds_mag_50",0.733391137429116,0.687986310207054,"ASCI"
101020,"DS_Mag_50",-0.0169146508672015,"Current","ds_mag_50",0.734387024345687,0.973477446812047,"ASCI"
201031,"DS_Mag_50",-0.0114942633699821,"Current","ds_mag_50",0.734426133002097,0.984688734543481,"ASCI"
201050,"DS_Mag_50",-0.111094171235482,"Current","ds_mag_50",0.733706922785403,0.778512572566118,"ASCI"
201061,"DS_Mag_50",-0.114784764284616,"Current","ds_mag_50",0.733680249212202,0.770866053063031,"ASCI"
401070,"DS_Mag_50",-0.0458179068151625,"Current","ds_mag_50",0.734178422309222,0.91367745195547,"ASCI"
401100,"DS_Mag_50",-0.032195395118405,"Current","ds_mag_50",0.73427675240734,0.941865764310226,"ASCI"
402020,"DS_Mag_50",-0.485644608016313,"Current","ds_mag_50",0.730991215059327,0,"ASCI"
402021,"DS_Mag_50",-0.360931598013478,"Current","ds_mag_50",0.731897397750258,0.25977560514245,"ASCI"
402022,"DS_Mag_50",-0.367799484991392,"Current","ds_mag_50",0.731847545054751,0.245484321196264,"ASCI"
402023,"DS_Mag_50",-0.168753779419108,"Current","ds_mag_50",0.733289996536741,0.658992226801512,"ASCI"
403010,"DS_Mag_50",-0.0604377379120865,"Current","ds_mag_50",0.734072867533987,0.883418039712632,"ASCI"
101010,"Peak_2",36.7527,"Current","peak_2",NA,NA,"ASCI"
101011,"Peak_2",22.9862,"Current","peak_2",NA,NA,"ASCI"
101012,"Peak_2",17.7173,"Current","peak_2",NA,NA,"ASCI"
101020,"Peak_2",9.8958,"Current","peak_2",NA,NA,"ASCI"
201010,"Peak_2",625.3921,"Current","peak_2",NA,NA,"ASCI"
201020,"Peak_2",629.2004,"Current","peak_2",NA,NA,"ASCI"
201030,"Peak_2",25.6666,"Current","peak_2",NA,NA,"ASCI"
201031,"Peak_2",6.9604,"Current","peak_2",NA,NA,"ASCI"
201040,"Peak_2",362.6644,"Current","peak_2",NA,NA,"ASCI"
201041,"Peak_2",346.4544,"Current","peak_2",NA,NA,"ASCI"
201050,"Peak_2",82.8507,"Current","peak_2",NA,NA,"ASCI"
201060,"Peak_2",267.5821,"Current","peak_2",NA,NA,"ASCI"
201061,"Peak_2",58.9867,"Current","peak_2",NA,NA,"ASCI"
201062,"Peak_2",149.8579,"Current","peak_2",NA,NA,"ASCI"
201070,"Peak_2",625.3921,"Current","peak_2",NA,NA,"ASCI"
201080,"Peak_2",629.2004,"Current","peak_2",NA,NA,"ASCI"
201090,"Peak_2",25.6666,"Current","peak_2",NA,NA,"ASCI"
201091,"Peak_2",6.9604,"Current","peak_2",NA,NA,"ASCI"
201100,"Peak_2",362.6644,"Current","peak_2",NA,NA,"ASCI"
203010,"Peak_2",83.8251,"Current","peak_2",NA,NA,"ASCI"
204010,"Peak_2",168.1702,"Current","peak_2",NA,NA,"ASCI"
205010,"Peak_2",46.1734,"Current","peak_2",NA,NA,"ASCI"
207010,"Peak_2",33.7388,"Current","peak_2",NA,NA,"ASCI"
301010,"Peak_2",93.1641,"Current","peak_2",NA,NA,"ASCI"
301011,"Peak_2",15.0521,"Current","peak_2",NA,NA,"ASCI"
301020,"Peak_2",33.1617,"Current","peak_2",NA,NA,"ASCI"
301030,"Peak_2",26.2048,"Current","peak_2",NA,NA,"ASCI"
401070,"Peak_2",15.6582,"Current","peak_2",NA,NA,"ASCI"
401080,"Peak_2",78.5691,"Current","peak_2",NA,NA,"ASCI"
401100,"Peak_2",35.343,"Current","peak_2",NA,NA,"ASCI"
401101,"Peak_2",0.4026,"Current","peak_2",NA,NA,"ASCI"
401110,"Peak_2",33.8553,"Current","peak_2",NA,NA,"ASCI"
401120,"Peak_2",3.4929,"Current","peak_2",NA,NA,"ASCI"
401121,"Peak_2",0.4639,"Current","peak_2",NA,NA,"ASCI"
402010,"Peak_2",35.343,"Current","peak_2",NA,NA,"ASCI"
402020,"Peak_2",250.5228,"Current","peak_2",NA,NA,"ASCI"
402021,"Peak_2",243.9133,"Current","peak_2",NA,NA,"ASCI"
402022,"Peak_2",229.1073,"Current","peak_2",NA,NA,"ASCI"
402023,"Peak_2",207.7793,"Current","peak_2",NA,NA,"ASCI"
402030,"Peak_2",99.3239,"Current","peak_2",NA,NA,"ASCI"
402031,"Peak_2",90.4137,"Current","peak_2",NA,NA,"ASCI"
402040,"Peak_2",13.8443,"Current","peak_2",NA,NA,"ASCI"
402041,"Peak_2",0.5308,"Current","peak_2",NA,NA,"ASCI"
402050,"Peak_2",81.8394,"Current","peak_2",NA,NA,"ASCI"
402051,"Peak_2",78.0454,"Current","peak_2",NA,NA,"ASCI"
402060,"Peak_2",38.9857,"Current","peak_2",NA,NA,"ASCI"
403010,"Peak_2",15.6582,"Current","peak_2",NA,NA,"ASCI"
403011,"Peak_2",78.5691,"Current","peak_2",NA,NA,"ASCI"
403020,"Peak_2",176.8656,"Current","peak_2",NA,NA,"ASCI"
403030,"Peak_2",84.1297,"Current","peak_2",NA,NA,"ASCI"
404010,"Peak_2",84.0278,"Current","peak_2",NA,NA,"ASCI"
405010,"Peak_2",73.5136,"Current","peak_2",NA,NA,"ASCI"
405020,"Peak_2",58.3903,"Current","peak_2",NA,NA,"ASCI"
501010,"Peak_2",80.9382,"Current","peak_2",NA,NA,"ASCI"
501011,"Peak_2",14.2129,"Current","peak_2",NA,NA,"ASCI"
501020,"Peak_2",35.8923,"Current","peak_2",NA,NA,"ASCI"
502010,"Peak_2",87.5721,"Current","peak_2",NA,NA,"ASCI"
502011,"Peak_2",70.7569,"Current","peak_2",NA,NA,"ASCI"
502020,"Peak_2",27.7185,"Current","peak_2",NA,NA,"ASCI"
502030,"Peak_2",11.0133,"Current","peak_2",NA,NA,"ASCI"
101010,"SP_Mag",26.3961,"Current","sp_mag",0.464826465730038,0.70204218949391,"ASCI"
101011,"SP_Mag",6.0267,"Current","sp_mag",0.579780622392152,0.933652749629101,"ASCI"
101012,"SP_Mag",5.65485,"Current","sp_mag",0.581837589169755,0.937797142849613,"ASCI"
101020,"SP_Mag",3.804,"Current","sp_mag",0.592032351815242,0.958337632687723,"ASCI"
201010,"SP_Mag",107.9785,"Current","sp_mag",0.119780835145843,0.00684147564147777,"ASCI"
201020,"SP_Mag",109.4137,"Current","sp_mag",0.11638523840694,0,"ASCI"
201030,"SP_Mag",20.2212,"Current","sp_mag",0.499842236997305,0.772592247293171,"ASCI"
201031,"SP_Mag",3.5041,"Current","sp_mag",0.593677059132576,0.961651402229313,"ASCI"
201040,"SP_Mag",81.8901,"Current","sp_mag",0.197535426373752,0.163502051912002,"ASCI"
201041,"SP_Mag",77.4136,"Current","sp_mag",0.214154559069598,0.196986414238803,"ASCI"
201050,"SP_Mag",10.9789,"Current","sp_mag",0.552148962318049,0.877980258498231,"ASCI"
201060,"SP_Mag",59.6801,"Current","sp_mag",0.289636341418284,0.349067716885109,"ASCI"
201061,"SP_Mag",34.1211,"Current","sp_mag",0.421543205413632,0.614834728211528,"ASCI"
201062,"SP_Mag",38.0818,"Current","sp_mag",0.399768435134636,0.570962745783289,"ASCI"
201070,"SP_Mag",99.4189,"Current","sp_mag",0.141847393712425,0.0513013554602167,"ASCI"
201080,"SP_Mag",98.4955,"Current","sp_mag",0.144420455774586,0.0564855816142254,"ASCI"
201090,"SP_Mag",20.7698,"Current","sp_mag",0.496726188392035,0.766314007481482,"ASCI"
201091,"SP_Mag",3.5041,"Current","sp_mag",0.593677059132576,0.961651402229313,"ASCI"
201100,"SP_Mag",81.8901,"Current","sp_mag",0.197535426373752,0.163502051912002,"ASCI"
203010,"SP_Mag",23.3293,"Current","sp_mag",0.482195491643938,0.737037442712507,"ASCI"
204010,"SP_Mag",16.5044,"Current","sp_mag",0.520941723641387,0.815103662818274,"ASCI"
205010,"SP_Mag",27.7368,"Current","sp_mag",0.457257554578919,0.686792286382733,"ASCI"
207010,"SP_Mag",21.598,"Current","sp_mag",0.492022571078691,0.756837121458063,"ASCI"
301010,"SP_Mag",62.30355,"Current","sp_mag",0.277528050602848,0.324671835087758,"ASCI"
301011,"SP_Mag",12.1464,"Current","sp_mag",0.545580898812751,0.864746871279907,"ASCI"
301020,"SP_Mag",32.2615,"Current","sp_mag",0.431878543585646,0.63565845075201,"ASCI"
301030,"SP_Mag",24.78795,"Current","sp_mag",0.473926375486032,0.720376760917546,"ASCI"
401070,"SP_Mag",12.80465,"Current","sp_mag",0.541870593994478,0.857271319266956,"ASCI"
401080,"SP_Mag",22.1963,"Current","sp_mag",0.488625461187477,0.749992597105129,"ASCI"
401100,"SP_Mag",4.815,"Current","sp_mag",0.586472833189549,0.947136269810836,"ASCI"
401101,"SP_Mag",0.00360000000000005,"Current","sp_mag",0.612710434438654,1,"ASCI"
401110,"SP_Mag",7.54885,"Current","sp_mag",0.571332335054271,0.916631072298537,"ASCI"
401120,"SP_Mag",0.9197,"Current","sp_mag",0.607759887197117,0.990025597569663,"ASCI"
401121,"SP_Mag",0.3172,"Current","sp_mag",0.61101832234445,0.996590718932401,"ASCI"
402010,"SP_Mag",3.3883,"Current","sp_mag",0.594311568188731,0.962929816182963,"ASCI"
402020,"SP_Mag",64.2861,"Current","sp_mag",0.268587509069132,0.306658360041159,"ASCI"
402021,"SP_Mag",60.9554,"Current","sp_mag",0.283711295204846,0.337129886082218,"ASCI"
402022,"SP_Mag",61.1785,"Current","sp_mag",0.282682325887244,0.335056710418703,"ASCI"
402023,"SP_Mag",59.6994,"Current","sp_mag",0.289546129075392,0.34888595633051,"ASCI"
402030,"SP_Mag",13.9223,"Current","sp_mag",0.535560393642775,0.844557476806095,"ASCI"
402031,"SP_Mag",17.3909,"Current","sp_mag",0.515913209251534,0.804972171549931,"ASCI"
402040,"SP_Mag",2.4392,"Current","sp_mag",0.599499981683499,0.973383473454951,"ASCI"
402041,"SP_Mag",0.2269,"Current","sp_mag",0.611505836240862,0.997572965855003,"ASCI"
402050,"SP_Mag",27.6694,"Current","sp_mag",0.457637619551853,0.687558044349431,"ASCI"
402051,"SP_Mag",30.24765,"Current","sp_mag",0.443138187360663,0.658344471661368,"ASCI"
402060,"SP_Mag",18.0962,"Current","sp_mag",0.511910167129757,0.796906810061572,"ASCI"
403010,"SP_Mag",12.80465,"Current","sp_mag",0.541870593994478,0.857271319266956,"ASCI"
403011,"SP_Mag",22.3373,"Current","sp_mag",0.487825013338889,0.748379848336806,"ASCI"
403020,"SP_Mag",38.7565,"Current","sp_mag",0.396095800692058,0.563563092346506,"ASCI"
403030,"SP_Mag",23.3868,"Current","sp_mag",0.481869308446598,0.736380246180983,"ASCI"
404010,"SP_Mag",29.1607,"Current","sp_mag",0.449240568044876,0.670639597383381,"ASCI"
405010,"SP_Mag",10.71065,"Current","sp_mag",0.553655587255394,0.881015818549163,"ASCI"
405020,"SP_Mag",20.68515,"Current","sp_mag",0.497206989969458,0.767282730369757,"ASCI"
501010,"SP_Mag",39.3682,"Current","sp_mag",0.392776183368261,0.556874700642158,"ASCI"
501011,"SP_Mag",5.3183,"Current","sp_mag",0.583696837894723,0.941543172146197,"ASCI"
501020,"SP_Mag",20.2275,"Current","sp_mag",0.499806452457572,0.772520148314479,"ASCI"
502010,"SP_Mag",38.3098,"Current","sp_mag",0.39852606586432,0.56845961017734,"ASCI"
502011,"SP_Mag",26.5364,"Current","sp_mag",0.464033582888928,0.700444682763546,"ASCI"
502020,"SP_Mag",13.8449,"Current","sp_mag",0.535997781097905,0.845438728571324,"ASCI"
502030,"SP_Mag",5.3857,"Current","sp_mag",0.583324679808338,0.940793345038164,"ASCI"
101010,"Wet_BFL_Mag_50",0.62145,"Current","wet_bfl_mag_50",0.0556031103040111,0.180024324714761,"ASCI"
101011,"Wet_BFL_Mag_50",0.4668,"Current","wet_bfl_mag_50",0.0886689778384212,0.287897689119778,"ASCI"
101012,"Wet_BFL_Mag_50",0.183634610416666,"Current","wet_bfl_mag_50",0.196193026244354,0.638681797352395,"ASCI"
201010,"Wet_BFL_Mag_50",2.09083687253092,"Current","wet_bfl_mag_50",0.000497731187171759,0.000249738853331941,"ASCI"
201020,"Wet_BFL_Mag_50",2.142275821069,"Current","wet_bfl_mag_50",0.000421180021014885,0,"ASCI"
201030,"Wet_BFL_Mag_50",0.037535523929129,"Current","wet_bfl_mag_50",0.281765145549429,0.917850411304524,"ASCI"
201040,"Wet_BFL_Mag_50",1.21381518169538,"Current","wet_bfl_mag_50",0.00852373510975305,0.0264335988399396,"ASCI"
201041,"Wet_BFL_Mag_50",1.14121457390407,"Current","wet_bfl_mag_50",0.0107660859991567,0.0337489954302401,"ASCI"
201050,"Wet_BFL_Mag_50",0.25725,"Current","wet_bfl_mag_50",0.161194549473293,0.524503530763252,"ASCI"
201060,"Wet_BFL_Mag_50",0.9191,"Current","wet_bfl_mag_50",0.0219007536840818,0.0700744922119208,"ASCI"
201061,"Wet_BFL_Mag_50",0.0323482341783375,"Current","wet_bfl_mag_50",0.285187356346134,0.92901495709966,"ASCI"
201062,"Wet_BFL_Mag_50",0.75665,"Current","wet_bfl_mag_50",0.0365639256643587,0.117911304378297,"ASCI"
201070,"Wet_BFL_Mag_50",2.09083691666667,"Current","wet_bfl_mag_50",0.000497731115854915,0.000249738620669428,"ASCI"
201080,"Wet_BFL_Mag_50",2.142275821069,"Current","wet_bfl_mag_50",0.000421180021014885,0,"ASCI"
201090,"Wet_BFL_Mag_50",0.0371000642556145,"Current","wet_bfl_mag_50",0.282051470163653,0.918784510475404,"ASCI"
201100,"Wet_BFL_Mag_50",1.22538680292977,"Current","wet_bfl_mag_50",0.00821189636335239,0.025416262921229,"ASCI"
203010,"Wet_BFL_Mag_50",0.430900991905993,"Current","wet_bfl_mag_50",0.0985541121800565,0.320146735600052,"ASCI"
204010,"Wet_BFL_Mag_50",0.6405,"Current","wet_bfl_mag_50",0.0524418800960837,0.169711196295159,"ASCI"
205010,"Wet_BFL_Mag_50",0.091214360053577,"Current","wet_bfl_mag_50",0.247857025253108,0.807229299875716,"ASCI"
207010,"Wet_BFL_Mag_50",0.0913777472246346,"Current","wet_bfl_mag_50",0.247758105172022,0.806906585162641,"ASCI"
301010,"Wet_BFL_Mag_50",0.675098011925618,"Current","wet_bfl_mag_50",0.0471304414743074,0.152383274886005,"ASCI"
301011,"Wet_BFL_Mag_50",0.189549255179464,"Current","wet_bfl_mag_50",0.193181086063648,0.628855709458551,"ASCI"
301020,"Wet_BFL_Mag_50",0.2226,"Current","wet_bfl_mag_50",0.176997770554176,0.576059614227782,"ASCI"
301030,"Wet_BFL_Mag_50",0.193542100637562,"Current","wet_bfl_mag_50",0.191167753943199,0.622287458700528,"ASCI"
401080,"Wet_BFL_Mag_50",0.553618408090607,"Current","wet_bfl_mag_50",0.0683709417151064,0.221677819184174,"ASCI"
401101,"Wet_BFL_Mag_50",0.000194130366141493,"Current","wet_bfl_mag_50",0.30694603642822,1,"ASCI"
401110,"Wet_BFL_Mag_50",0.18481079078108,"Current","wet_bfl_mag_50",0.195591259806451,0.636718607662148,"ASCI"
401120,"Wet_BFL_Mag_50",0.1069,"Current","wet_bfl_mag_50",0.238481606692656,0.776643139032705,"ASCI"
401121,"Wet_BFL_Mag_50",0.0106999999999999,"Current","wet_bfl_mag_50",0.299735117713767,0.976475256202799,"ASCI"
402020,"Wet_BFL_Mag_50",1.32105,"Current","wet_bfl_mag_50",0.00603189045738231,0.0183042592438697,"ASCI"
402021,"Wet_BFL_Mag_50",1.23895,"Current","wet_bfl_mag_50",0.00786076463861276,0.0242707384477646,"ASCI"
402022,"Wet_BFL_Mag_50",0.95010868757962,"Current","wet_bfl_mag_50",0.0198440412593406,0.0633647184961836,"ASCI"
402023,"Wet_BFL_Mag_50",0.98354395994296,"Current","wet_bfl_mag_50",0.0178383121327477,0.0568212715793426,"ASCI"
402030,"Wet_BFL_Mag_50",0.597307352879635,"Current","wet_bfl_mag_50",0.0598672884463975,0.193935686398009,"ASCI"
402031,"Wet_BFL_Mag_50",0.69416369515283,"Current","wet_bfl_mag_50",0.0444260882342736,0.143560651912679,"ASCI"
402040,"Wet_BFL_Mag_50",0.485375,"Current","wet_bfl_mag_50",0.0839131625774383,0.272382421233428,"ASCI"
402041,"Wet_BFL_Mag_50",0.000950000000000006,"Current","wet_bfl_mag_50",0.306424009432865,0.998296950526381,"ASCI"
402050,"Wet_BFL_Mag_50",0.14565,"Current","wet_bfl_mag_50",0.216380665950142,0.704541512425453,"ASCI"
402051,"Wet_BFL_Mag_50",0.21425,"Current","wet_bfl_mag_50",0.180983177730522,0.589061519597085,"ASCI"
402060,"Wet_BFL_Mag_50",0.158925758815069,"Current","wet_bfl_mag_50",0.209158618032411,0.680980460958434,"ASCI"
403011,"Wet_BFL_Mag_50",0.585918146924233,"Current","wet_bfl_mag_50",0.0619835732085227,0.200839807606744,"ASCI"
403020,"Wet_BFL_Mag_50",0.8765,"Current","wet_bfl_mag_50",0.0250692836322077,0.0804114351445901,"ASCI"
403030,"Wet_BFL_Mag_50",0.75005,"Current","wet_bfl_mag_50",0.0373266402158001,0.120399567680599,"ASCI"
404010,"Wet_BFL_Mag_50",0.318646888863699,"Current","wet_bfl_mag_50",0.136015371043471,0.442359528723912,"ASCI"
405010,"Wet_BFL_Mag_50",0.45405,"Current","wet_bfl_mag_50",0.0920728993616381,0.299002568388345,"ASCI"
405020,"Wet_BFL_Mag_50",0.111322973693558,"Current","wet_bfl_mag_50",0.235882425153924,0.768163625921771,"ASCI"
501010,"Wet_BFL_Mag_50",0.563516928967727,"Current","wet_bfl_mag_50",0.0663512475885461,0.2150888131563,"ASCI"
501011,"Wet_BFL_Mag_50",0.0367121730104935,"Current","wet_bfl_mag_50",0.282306666162725,0.919617056331761,"ASCI"
501020,"Wet_BFL_Mag_50",0.43815,"Current","wet_bfl_mag_50",0.096482013680975,0.31338676669127,"ASCI"
502010,"Wet_BFL_Mag_50",0.527618230335425,"Current","wet_bfl_mag_50",0.0739501471790748,0.239879297293854,"ASCI"
502011,"Wet_BFL_Mag_50",0.422604023191933,"Current","wet_bfl_mag_50",0.100974329297356,0.32804239908936,"ASCI"
502020,"Wet_BFL_Mag_50",0.195219995765584,"Current","wet_bfl_mag_50",0.190326495414362,0.619542955241012,"ASCI"
502030,"Wet_BFL_Mag_50",0.213505868174704,"Current","wet_bfl_mag_50",0.181341718616116,0.590231215555177,"ASCI"
101020,"Wet_BFL_Mag_50",-0.0211,"Current","wet_bfl_mag_50",0.51926409988416,0.785592618789503,"ASCI"
201031,"Wet_BFL_Mag_50",-0.00402115770473315,"Current","wet_bfl_mag_50",0.521147509631595,1,"ASCI"
201091,"Wet_BFL_Mag_50",-0.00402115770473315,"Current","wet_bfl_mag_50",0.521147509631595,1,"ASCI"
401070,"Wet_BFL_Mag_50",-0.083638478840375,"Current","wet_bfl_mag_50",0.512363251660616,0,"ASCI"
401100,"Wet_BFL_Mag_50",-0.021113201679613,"Current","wet_bfl_mag_50",0.519262643818998,0.785426860319518,"ASCI"
402010,"Wet_BFL_Mag_50",-0.0122462276440638,"Current","wet_bfl_mag_50",0.520240542316978,0.896750833409786,"ASCI"
403010,"Wet_BFL_Mag_50",-0.083638478840375,"Current","wet_bfl_mag_50",0.512363251660616,0,"ASCI"
101010,"DS_Dur_WS",19,"Current","ds_dur_ws",0.665770757760071,0.861772622475271,"CSCI"
101011,"DS_Dur_WS",20.5,"Current","ds_dur_ws",0.665445171787733,0.85082345024389,"CSCI"
101012,"DS_Dur_WS",29,"Current","ds_dur_ws",0.663597214004719,0.788678242029628,"CSCI"
101020,"DS_Dur_WS",104,"Current","ds_dur_ws",0.647079212790876,0.233192270351685,"CSCI"
201010,"DS_Dur_WS",29.5,"Current","ds_dur_ws",0.663488353887792,0.785017371259301,"CSCI"
201020,"DS_Dur_WS",28.5,"Current","ds_dur_ws",0.663706056755235,0.792338528782711,"CSCI"
201030,"DS_Dur_WS",25,"Current","ds_dur_ws",0.664467469012635,0.817944158796523,"CSCI"
201031,"DS_Dur_WS",72,"Current","ds_dur_ws",0.654172716533743,0.471740613350095,"CSCI"
201050,"DS_Dur_WS",46,"Current","ds_dur_ws",0.659886285350926,0.663882948555991,"CSCI"
201061,"DS_Dur_WS",26.5,"Current","ds_dur_ws",0.66414125391768,0.806973829720331,"CSCI"
201070,"DS_Dur_WS",22,"Current","ds_dur_ws",0.665119428182775,0.839868976964975,"CSCI"
201080,"DS_Dur_WS",22,"Current","ds_dur_ws",0.665119428182775,0.839868976964975,"CSCI"
201090,"DS_Dur_WS",34,"Current","ds_dur_ws",0.662507832799237,0.752043302388912,"CSCI"
201091,"DS_Dur_WS",135,"Current","ds_dur_ws",0.640144977902652,0,"CSCI"
201100,"DS_Dur_WS",4,"Current","ds_dur_ws",0.669017896553771,0.970971067531703,"CSCI"
203010,"DS_Dur_WS",19.5,"Current","ds_dur_ws",0.665662246631798,0.858123487888958,"CSCI"
204010,"DS_Dur_WS",46,"Current","ds_dur_ws",0.659886285350926,0.663882948555991,"CSCI"
205010,"DS_Dur_WS",16,"Current","ds_dur_ws",0.666421455872626,0.883655032377197,"CSCI"
207010,"DS_Dur_WS",59,"Current","ds_dur_ws",0.6570351883191,0.568003042472378,"CSCI"
301010,"DS_Dur_WS",7,"Current","ds_dur_ws",0.668369742838389,0.949174223487169,"CSCI"
301011,"DS_Dur_WS",45,"Current","ds_dur_ws",0.66010512475249,0.671242326730478,"CSCI"
301020,"DS_Dur_WS",3,"Current","ds_dur_ws",0.66923380550694,0.978231897282963,"CSCI"
401080,"DS_Dur_WS",13,"Current","ds_dur_ws",0.667071520657574,0.905516144024154,"CSCI"
401101,"DS_Dur_WS",0,"Current","ds_dur_ws",0.669881104566567,1,"CSCI"
401120,"DS_Dur_WS",8.5,"Current","ds_dur_ws",0.668045426292959,0.938267740975306,"CSCI"
402010,"DS_Dur_WS",0,"Current","ds_dur_ws",0.669881104566567,1,"CSCI"
402020,"DS_Dur_WS",20,"Current","ds_dur_ws",0.665553717971467,0.854473763714802,"CSCI"
402021,"DS_Dur_WS",17,"Current","ds_dur_ws",0.666204626779701,0.876363259128591,"CSCI"
402022,"DS_Dur_WS",18.5,"Current","ds_dur_ws",0.665879251347635,0.865421167182886,"CSCI"
402023,"DS_Dur_WS",21,"Current","ds_dur_ws",0.665336608089259,0.84717254776754,"CSCI"
402030,"DS_Dur_WS",13.5,"Current","ds_dur_ws",0.666963220586618,0.901874107111292,"CSCI"
402031,"DS_Dur_WS",2,"Current","ds_dur_ws",0.669449643204987,0.985490330786668,"CSCI"
402040,"DS_Dur_WS",1,"Current","ds_dur_ws",0.669665409580598,0.992746365779025,"CSCI"
402041,"DS_Dur_WS",0,"Current","ds_dur_ws",0.669881104566567,1,"CSCI"
403010,"DS_Dur_WS",28,"Current","ds_dur_ws",0.663814882130559,0.795998231223269,"CSCI"
403011,"DS_Dur_WS",8.5,"Current","ds_dur_ws",0.668045426292959,0.938267740975306,"CSCI"
501020,"DS_Dur_WS",3,"Current","ds_dur_ws",0.66923380550694,0.978231897282963,"CSCI"
502010,"DS_Dur_WS",13,"Current","ds_dur_ws",0.667071520657574,0.905516144024154,"CSCI"
502011,"DS_Dur_WS",0,"Current","ds_dur_ws",0.669881104566567,1,"CSCI"
502020,"DS_Dur_WS",7.5,"Current","ds_dur_ws",0.66826165505812,0.945539325724898,"CSCI"
201040,"DS_Dur_WS",-10,"Current","ds_dur_ws",0.4254495667791,0.489992462525103,"CSCI"
201041,"DS_Dur_WS",-4.5,"Current","ds_dur_ws",0.738001062163245,0.849959659194686,"CSCI"
201060,"DS_Dur_WS",-1.5,"Current","ds_dur_ws",0.85375454558561,0.983273553217416,"CSCI"
201062,"DS_Dur_WS",-8,"Current","ds_dur_ws",0.546216088525123,0.62907989908023,"CSCI"
301030,"DS_Dur_WS",-12,"Current","ds_dur_ws",0.312968740748221,0.360447705186314,"CSCI"
401070,"DS_Dur_WS",-14,"Current","ds_dur_ws",0.218896014535823,0.252103652965025,"CSCI"
401100,"DS_Dur_WS",-29,"Current","ds_dur_ws",0.00727598086148653,0.00837975016542919,"CSCI"
401110,"DS_Dur_WS",-6.5,"Current","ds_dur_ws",0.634082181967788,0.730275739784782,"CSCI"
401121,"DS_Dur_WS",-1,"Current","ds_dur_ws",0.868277746595947,1,"CSCI"
402050,"DS_Dur_WS",-42,"Current","ds_dur_ws",0.000311499387127158,0.000358720320407512,"CSCI"
402051,"DS_Dur_WS",-35,"Current","ds_dur_ws",0.00170347664571486,0.00196186783050272,"CSCI"
402060,"DS_Dur_WS",-36,"Current","ds_dur_ws",0.00133658945779202,0.00153932193172769,"CSCI"
403020,"DS_Dur_WS",-7,"Current","ds_dur_ws",0.605470290872715,0.697323274731783,"CSCI"
403030,"DS_Dur_WS",-26,"Current","ds_dur_ws",0.0149626634246002,0.0172325427925521,"CSCI"
404010,"DS_Dur_WS",-58,"Current","ds_dur_ws",6.39184168178444e-06,7.32635992838472e-06,"CSCI"
405010,"DS_Dur_WS",-61.5,"Current","ds_dur_ws",2.73140145632961e-06,3.11061172051232e-06,"CSCI"
405020,"DS_Dur_WS",-80,"Current","ds_dur_ws",3.05266160646837e-08,0,"CSCI"
501010,"DS_Dur_WS",-25,"Current","ds_dur_ws",0.0189986847523275,0.0218808497259584,"CSCI"
501011,"DS_Dur_WS",-32,"Current","ds_dur_ws",0.00352400618718908,0.00405858125269637,"CSCI"
502030,"DS_Dur_WS",-73,"Current","ds_dur_ws",1.67171689018627e-07,1.57374847269525e-07,"CSCI"
101010,"SP_Tim",0,"Current","sp_tim",0.852950230903003,1,"CSCI"
101011,"SP_Tim",0,"Current","sp_tim",0.852950230903003,1,"CSCI"
101012,"SP_Tim",0,"Current","sp_tim",0.852950230903003,1,"CSCI"
101020,"SP_Tim",15,"Current","sp_tim",0.699945526368939,0.735749766635616,"CSCI"
201010,"SP_Tim",2,"Current","sp_tim",0.83705511309253,0.972547977504595,"CSCI"
201020,"SP_Tim",2,"Current","sp_tim",0.83705511309253,0.972547977504595,"CSCI"
201030,"SP_Tim",0,"Current","sp_tim",0.852950230903003,1,"CSCI"
201031,"SP_Tim",8,"Current","sp_tim",0.781105652285121,0.875919196579249,"CSCI"
201040,"SP_Tim",0,"Current","sp_tim",0.852950230903003,1,"CSCI"
201041,"SP_Tim",0,"Current","sp_tim",0.852950230903003,1,"CSCI"
201050,"SP_Tim",1,"Current","sp_tim",0.845169207879713,0.98656160831146,"CSCI"
201060,"SP_Tim",0,"Current","sp_tim",0.852950230903003,1,"CSCI"
201061,"SP_Tim",0,"Current","sp_tim",0.852950230903003,1,"CSCI"
201062,"SP_Tim",0,"Current","sp_tim",0.852950230903003,1,"CSCI"
201070,"SP_Tim",2,"Current","sp_tim",0.83705511309253,0.972547977504595,"CSCI"
201080,"SP_Tim",2,"Current","sp_tim",0.83705511309253,0.972547977504595,"CSCI"
201090,"SP_Tim",0,"Current","sp_tim",0.852950230903003,1,"CSCI"
201091,"SP_Tim",8,"Current","sp_tim",0.781105652285121,0.875919196579249,"CSCI"
201100,"SP_Tim",0,"Current","sp_tim",0.852950230903003,1,"CSCI"
203010,"SP_Tim",18.5,"Current","sp_tim",0.653508464410653,0.655549589153482,"CSCI"
204010,"SP_Tim",16,"Current","sp_tim",0.687038976334355,0.713459217668812,"CSCI"
205010,"SP_Tim",0,"Current","sp_tim",0.852950230903003,1,"CSCI"
301010,"SP_Tim",0,"Current","sp_tim",0.852950230903003,1,"CSCI"
301011,"SP_Tim",0,"Current","sp_tim",0.852950230903003,1,"CSCI"
301020,"SP_Tim",0,"Current","sp_tim",0.852950230903003,1,"CSCI"
301030,"SP_Tim",0,"Current","sp_tim",0.852950230903003,1,"CSCI"
401070,"SP_Tim",0,"Current","sp_tim",0.852950230903003,1,"CSCI"
401080,"SP_Tim",0,"Current","sp_tim",0.852950230903003,1,"CSCI"
401100,"SP_Tim",0,"Current","sp_tim",0.852950230903003,1,"CSCI"
401101,"SP_Tim",0,"Current","sp_tim",0.852950230903003,1,"CSCI"
401110,"SP_Tim",0,"Current","sp_tim",0.852950230903003,1,"CSCI"
401120,"SP_Tim",0,"Current","sp_tim",0.852950230903003,1,"CSCI"
401121,"SP_Tim",0,"Current","sp_tim",0.852950230903003,1,"CSCI"
402010,"SP_Tim",0,"Current","sp_tim",0.852950230903003,1,"CSCI"
402020,"SP_Tim",31,"Current","sp_tim",0.468895402565115,0.336709427843699,"CSCI"
402021,"SP_Tim",40,"Current","sp_tim",0.338247388693143,0.111070822420456,"CSCI"
402022,"SP_Tim",38,"Current","sp_tim",0.365942825807525,0.158902853094876,"CSCI"
402023,"SP_Tim",40,"Current","sp_tim",0.338247388693143,0.111070822420456,"CSCI"
402030,"SP_Tim",42,"Current","sp_tim",0.311617867057726,0.0650797051671015,"CSCI"
402031,"SP_Tim",45,"Current","sp_tim",0.273935777117901,0,"CSCI"
402040,"SP_Tim",31,"Current","sp_tim",0.468895402565115,0.336709427843699,"CSCI"
402041,"SP_Tim",0,"Current","sp_tim",0.852950230903003,1,"CSCI"
402050,"SP_Tim",0,"Current","sp_tim",0.852950230903003,1,"CSCI"
403010,"SP_Tim",0,"Current","sp_tim",0.852950230903003,1,"CSCI"
403011,"SP_Tim",0,"Current","sp_tim",0.852950230903003,1,"CSCI"
403020,"SP_Tim",0,"Current","sp_tim",0.852950230903003,1,"CSCI"
403030,"SP_Tim",0,"Current","sp_tim",0.852950230903003,1,"CSCI"
404010,"SP_Tim",0,"Current","sp_tim",0.852950230903003,1,"CSCI"
405010,"SP_Tim",35,"Current","sp_tim",0.409149188718835,0.233523378763732,"CSCI"
405020,"SP_Tim",35,"Current","sp_tim",0.409149188718835,0.233523378763732,"CSCI"
501010,"SP_Tim",0,"Current","sp_tim",0.852950230903003,1,"CSCI"
501011,"SP_Tim",0,"Current","sp_tim",0.852950230903003,1,"CSCI"
501020,"SP_Tim",0,"Current","sp_tim",0.852950230903003,1,"CSCI"
502010,"SP_Tim",0,"Current","sp_tim",0.852950230903003,1,"CSCI"
502011,"SP_Tim",0,"Current","sp_tim",0.852950230903003,1,"CSCI"
502020,"SP_Tim",0,"Current","sp_tim",0.852950230903003,1,"CSCI"
502030,"SP_Tim",0,"Current","sp_tim",0.852950230903003,1,"CSCI"
207010,"SP_Tim",-2,"Current","sp_tim",0.664962294522846,0,"CSCI"
402051,"SP_Tim",-1,"Current","sp_tim",0.666388176938602,1,"CSCI"
402060,"SP_Tim",-1,"Current","sp_tim",0.666388176938602,1,"CSCI"
101010,"DS_Mag_50",0.0469320436041667,"Current","ds_mag_50",0.829196848087914,0.974512583093447,"CSCI"
201010,"DS_Mag_50",1.70442064305768,"Current","ds_mag_50",0.820894590038302,0.0567697913430561,"CSCI"
201020,"DS_Mag_50",1.80495149904564,"Current","ds_mag_50",0.820381028437613,0,"CSCI"
201030,"DS_Mag_50",0.043684090454075,"Current","ds_mag_50",0.829212812691913,0.976277331931146,"CSCI"
201040,"DS_Mag_50",1.078625,"Current","ds_mag_50",0.824065663625279,0.407304538536781,"CSCI"
201041,"DS_Mag_50",1.01321219896665,"Current","ds_mag_50",0.824394565671791,0.44366181394009,"CSCI"
201060,"DS_Mag_50",0.665725,"Current","ds_mag_50",0.826133654979854,0.635903089403574,"CSCI"
201062,"DS_Mag_50",0.60115,"Current","ds_mag_50",0.826455334743022,0.671462003874198,"CSCI"
201070,"DS_Mag_50",0.944344416666665,"Current","ds_mag_50",0.824740316595022,0.48188158687891,"CSCI"
201080,"DS_Mag_50",0.93594381337001,"Current","ds_mag_50",0.824782455145429,0.486539639020914,"CSCI"
201090,"DS_Mag_50",0,"Current","ds_mag_50",0.82942741716901,1,"CSCI"
201091,"DS_Mag_50",0,"Current","ds_mag_50",0.82942741716901,1,"CSCI"
201100,"DS_Mag_50",1.038375,"Current","ds_mag_50",0.824268101918431,0.429682340238971,"CSCI"
203010,"DS_Mag_50",0.520229898052835,"Current","ds_mag_50",0.826857773486865,0.715948124888072,"CSCI"
204010,"DS_Mag_50",0.327074891786808,"Current","ds_mag_50",0.827815405318399,0.821806037914782,"CSCI"
205010,"DS_Mag_50",0.102512636719543,"Current","ds_mag_50",0.828923470172537,0.944293019962308,"CSCI"
207010,"DS_Mag_50",0.11512353851802,"Current","ds_mag_50",0.828861394058844,0.937431042709757,"CSCI"
301010,"DS_Mag_50",0.81988698314785,"Current","ds_mag_50",0.825363795321041,0.550801765364652,"CSCI"
301011,"DS_Mag_50",0.220591874051963,"Current","ds_mag_50",0.828341535014162,0.879965123422252,"CSCI"
301020,"DS_Mag_50",0.256715780201166,"Current","ds_mag_50",0.828163190763162,0.860250709605295,"CSCI"
301030,"DS_Mag_50",0.238746108302329,"Current","ds_mag_50",0.828251925643691,0.870059582865417,"CSCI"
401080,"DS_Mag_50",0.6253,"Current","ds_mag_50",0.82633508681514,0.658169635897055,"CSCI"
401101,"DS_Mag_50",0.00373939212153479,"Current","ds_mag_50",0.829409055245409,0.997970248223275,"CSCI"
401110,"DS_Mag_50",0.144959542387157,"Current","ds_mag_50",0.828714457649204,0.921188493997406,"CSCI"
401120,"DS_Mag_50",0.2184,"Current","ds_mag_50",0.828352351604903,0.881160803937677,"CSCI"
401121,"DS_Mag_50",0.0452499999999998,"Current","ds_mag_50",0.829205115953628,0.975426524110059,"CSCI"
402010,"DS_Mag_50",0,"Current","ds_mag_50",0.82942741716901,1,"CSCI"
402030,"DS_Mag_50",0.10031536048171,"Current","ds_mag_50",0.828934284253614,0.945488423056113,"CSCI"
402031,"DS_Mag_50",0.453375,"Current","ds_mag_50",0.82718970507773,0.752640290206254,"CSCI"
402040,"DS_Mag_50",0.6309,"Current","ds_mag_50",0.826307193840228,0.655086308865759,"CSCI"
402041,"DS_Mag_50",0.0185000000000004,"Current","ds_mag_50",0.82933655937602,0.989956457135788,"CSCI"
402050,"DS_Mag_50",0.023447022627804,"Current","ds_mag_50",0.829312256887398,0.987270027296964,"CSCI"
402051,"DS_Mag_50",0.0125043339607447,"Current","ds_mag_50",0.829366009692488,0.993211934801215,"CSCI"
402060,"DS_Mag_50",0.0525773159179487,"Current","ds_mag_50",0.829169097165865,0.971444958776918,"CSCI"
403011,"DS_Mag_50",0.4417922344954,"Current","ds_mag_50",0.827247161801531,0.758991633875801,"CSCI"
403020,"DS_Mag_50",1.01285845012425,"Current","ds_mag_50",0.824396343039791,0.443858286593715,"CSCI"
403030,"DS_Mag_50",0.82315,"Current","ds_mag_50",0.825347471342878,0.548997290822624,"CSCI"
404010,"DS_Mag_50",0.377539887566607,"Current","ds_mag_50",0.827565613425529,0.794193705492768,"CSCI"
405010,"DS_Mag_50",0.552979711174174,"Current","ds_mag_50",0.826694988272413,0.697953627936299,"CSCI"
405020,"DS_Mag_50",0.190774449563246,"Current","ds_mag_50",0.828488633498214,0.896225588058445,"CSCI"
501010,"DS_Mag_50",0.564663704547231,"Current","ds_mag_50",0.826636882905425,0.691530582374812,"CSCI"
501011,"DS_Mag_50",0.0552195938345552,"Current","ds_mag_50",0.829156107076591,0.970009016805026,"CSCI"
501020,"DS_Mag_50",0.507753542483993,"Current","ds_mag_50",0.826919756269994,0.722799785254349,"CSCI"
502010,"DS_Mag_50",0.671694888016797,"Current","ds_mag_50",0.826103892277765,0.632613080210683,"CSCI"
502011,"DS_Mag_50",0.557276168341897,"Current","ds_mag_50",0.826673623461324,0.695591932930336,"CSCI"
502020,"DS_Mag_50",0.241994008067777,"Current","ds_mag_50",0.828235890088339,0.8682869909696,"CSCI"
502030,"DS_Mag_50",0.233136950005137,"Current","ds_mag_50",0.828279616428303,0.873120559508636,"CSCI"
101011,"DS_Mag_50",-0.00409081217862483,"Current","ds_mag_50",0.814941475114491,1,"CSCI"
101012,"DS_Mag_50",-0.154771581858776,"Current","ds_mag_50",0.814896091341582,0.687159725695377,"CSCI"
101020,"DS_Mag_50",-0.0169146508672015,"Current","ds_mag_50",0.814937613017632,0.973377721522449,"CSCI"
201031,"DS_Mag_50",-0.0114942633699821,"Current","ds_mag_50",0.81493924545855,0.984630493863726,"CSCI"
201050,"DS_Mag_50",-0.111094171235482,"Current","ds_mag_50",0.814909247493349,0.777847957716045,"CSCI"
201061,"DS_Mag_50",-0.114784764284616,"Current","ds_mag_50",0.814908135871101,0.770185302399083,"CSCI"
401070,"DS_Mag_50",-0.0458179068151625,"Current","ds_mag_50",0.814928908127766,0.913373011495034,"CSCI"
401100,"DS_Mag_50",-0.032195395118405,"Current","ds_mag_50",0.814933010904416,0.941654348419471,"CSCI"
402020,"DS_Mag_50",-0.485644608016313,"Current","ds_mag_50",0.814796405004799,0,"CSCI"
402021,"DS_Mag_50",-0.360931598013478,"Current","ds_mag_50",0.814833983754315,0.259038540713327,"CSCI"
402022,"DS_Mag_50",-0.367799484991392,"Current","ds_mag_50",0.814831914463516,0.244774466583958,"CSCI"
402023,"DS_Mag_50",-0.168753779419108,"Current","ds_mag_50",0.814891879585884,0.65812717235553,"CSCI"
403010,"DS_Mag_50",-0.0604377379120865,"Current","ds_mag_50",0.814924504904017,0.883020626992646,"CSCI"
101010,"FA_Mag",23.2564599764859,"Current","fa_mag",0.441144253414323,0.560920340411072,"CSCI"
101012,"FA_Mag",6.42769843289941,"Current","fa_mag",0.707579807625664,0.89976393949328,"CSCI"
201010,"FA_Mag",33.326734835455,"Current","fa_mag",0.287648893547379,0.365710206637115,"CSCI"
201020,"FA_Mag",33.9673013615712,"Current","fa_mag",0.278991717561992,0.354700307160825,"CSCI"
201040,"FA_Mag",160.008808400196,"Current","fa_mag",8.79012487940109e-05,0,"CSCI"
201041,"FA_Mag",141.17969838313,"Current","fa_mag",0.000307760544179017,0.000279609510676795,"CSCI"
201060,"FA_Mag",89.3343866543482,"Current","fa_mag",0.00961389825884562,0.0121148362548186,"CSCI"
201062,"FA_Mag",47.1352536455544,"Current","fa_mag",0.138718936766668,0.176306195914488,"CSCI"
201070,"FA_Mag",51.3889603054673,"Current","fa_mag",0.108214347657946,0.1375115057962,"CSCI"
201080,"FA_Mag",52.1638972671481,"Current","fa_mag",0.103336109488536,0.131307529816358,"CSCI"
201100,"FA_Mag",160.008808400196,"Current","fa_mag",8.79012487940109e-05,0,"CSCI"
203010,"FA_Mag",1.3792427894202,"Current","fa_mag",0.772010850815827,0.98170513023188,"CSCI"
204010,"FA_Mag",10.6220465298666,"Current","fa_mag",0.646678063189256,0.822311189854437,"CSCI"
401080,"FA_Mag",4.20023940013978,"Current","fa_mag",0.737289061097596,0.937547149028782,"CSCI"
401100,"FA_Mag",3.22571034530927,"Current","fa_mag",0.74965883588321,0.953278604316726,"CSCI"
401101,"FA_Mag",0.969884200886009,"Current","fa_mag",0.776771242567896,0.98775923318029,"CSCI"
401110,"FA_Mag",0.782674511826715,"Current","fa_mag",0.77892454806536,0.99049773325339,"CSCI"
401120,"FA_Mag",4.3400340489342,"Current","fa_mag",0.735482726226534,0.935249914297217,"CSCI"
401121,"FA_Mag",0.122730383854799,"Current","fa_mag",0.786396259833723,1,"CSCI"
402010,"FA_Mag",3.20851879521491,"Current","fa_mag",0.749873530811656,0.953551645962667,"CSCI"
402020,"FA_Mag",22.1680211491828,"Current","fa_mag",0.459074423408117,0.583723315602714,"CSCI"
402021,"FA_Mag",19.9776574621505,"Current","fa_mag",0.495432251352161,0.629961954105139,"CSCI"
402022,"FA_Mag",3.48931839392158,"Current","fa_mag",0.74635144894377,0.949072383050818,"CSCI"
402023,"FA_Mag",36.593333643082,"Current","fa_mag",0.245220854124704,0.311751681384974,"CSCI"
402030,"FA_Mag",13.7915126911295,"Current","fa_mag",0.597124674689589,0.759290890046299,"CSCI"
402031,"FA_Mag",21.4849296716193,"Current","fa_mag",0.47038457311982,0.598107176066894,"CSCI"
402041,"FA_Mag",0.605689466050499,"Current","fa_mag",0.780946531893823,0.9930692229322,"CSCI"
402050,"FA_Mag",18.4271006964359,"Current","fa_mag",0.52122191517401,0.66276036396595,"CSCI"
402051,"FA_Mag",17.6998500087979,"Current","fa_mag",0.533287415996953,0.678104854064792,"CSCI"
403011,"FA_Mag",15.9513742157747,"Current","fa_mag",0.562110349660046,0.714760872468264,"CSCI"
403020,"FA_Mag",27.3442089503073,"Current","fa_mag",0.375518594392584,0.477459878233305,"CSCI"
403030,"FA_Mag",5.80377302179991,"Current","fa_mag",0.716098256821778,0.910597410997314,"CSCI"
404010,"FA_Mag",15.3225380787349,"Current","fa_mag",0.572385018473028,0.727827843842537,"CSCI"
201030,"FA_Mag",-28.1106369313015,"Current","fa_mag",0.558791252051239,0,"CSCI"
201050,"FA_Mag",-4.3609682913111,"Current","fa_mag",0.652337027536432,0.946471593977568,"CSCI"
201090,"FA_Mag",-28.0819515744243,"Current","fa_mag",0.558908297389904,0.00118423400393106,"CSCI"
402040,"FA_Mag",-2.94639948966827,"Current","fa_mag",0.657627578551081,1,"CSCI"
101010,"Peak_10",59.66226,"Current","peak_10",NA,NA,"CSCI"
101011,"Peak_10",44.57912,"Current","peak_10",NA,NA,"CSCI"
101012,"Peak_10",34.67242,"Current","peak_10",NA,NA,"CSCI"
101020,"Peak_10",15.74736,"Current","peak_10",NA,NA,"CSCI"
201010,"Peak_10",771.3611,"Current","peak_10",NA,NA,"CSCI"
201020,"Peak_10",771.45954,"Current","peak_10",NA,NA,"CSCI"
201030,"Peak_10",33.14222,"Current","peak_10",NA,NA,"CSCI"
201031,"Peak_10",13.06828,"Current","peak_10",NA,NA,"CSCI"
201040,"Peak_10",512.10304,"Current","peak_10",NA,NA,"CSCI"
201041,"Peak_10",477.06738,"Current","peak_10",NA,NA,"CSCI"
201050,"Peak_10",80.47682,"Current","peak_10",NA,NA,"CSCI"
201060,"Peak_10",356.15714,"Current","peak_10",NA,NA,"CSCI"
201061,"Peak_10",91.46232,"Current","peak_10",NA,NA,"CSCI"
201062,"Peak_10",191.73086,"Current","peak_10",NA,NA,"CSCI"
201070,"Peak_10",771.3611,"Current","peak_10",NA,NA,"CSCI"
201080,"Peak_10",771.45954,"Current","peak_10",NA,NA,"CSCI"
201090,"Peak_10",33.14222,"Current","peak_10",NA,NA,"CSCI"
201091,"Peak_10",13.06828,"Current","peak_10",NA,NA,"CSCI"
201100,"Peak_10",512.10304,"Current","peak_10",NA,NA,"CSCI"
203010,"Peak_10",126.52614,"Current","peak_10",NA,NA,"CSCI"
204010,"Peak_10",220.2679,"Current","peak_10",NA,NA,"CSCI"
205010,"Peak_10",60.55396,"Current","peak_10",NA,NA,"CSCI"
207010,"Peak_10",37.74688,"Current","peak_10",NA,NA,"CSCI"
301010,"Peak_10",191.04772,"Current","peak_10",NA,NA,"CSCI"
301011,"Peak_10",38.64792,"Current","peak_10",NA,NA,"CSCI"
301020,"Peak_10",63.7893,"Current","peak_10",NA,NA,"CSCI"
301030,"Peak_10",49.40966,"Current","peak_10",NA,NA,"CSCI"
401070,"Peak_10",21.61262,"Current","peak_10",NA,NA,"CSCI"
401080,"Peak_10",123.82006,"Current","peak_10",NA,NA,"CSCI"
401100,"Peak_10",13.51326,"Current","peak_10",NA,NA,"CSCI"
401101,"Peak_10",0.802979999999991,"Current","peak_10",NA,NA,"CSCI"
401110,"Peak_10",28.17752,"Current","peak_10",NA,NA,"CSCI"
401120,"Peak_10",1.54384000000096,"Current","peak_10",NA,NA,"CSCI"
401121,"Peak_10",3.66273999999999,"Current","peak_10",NA,NA,"CSCI"
402010,"Peak_10",13.51326,"Current","peak_10",NA,NA,"CSCI"
402020,"Peak_10",313.4982,"Current","peak_10",NA,NA,"CSCI"
402021,"Peak_10",297.50812,"Current","peak_10",NA,NA,"CSCI"
402022,"Peak_10",272.86866,"Current","peak_10",NA,NA,"CSCI"
402023,"Peak_10",239.81,"Current","peak_10",NA,NA,"CSCI"
402030,"Peak_10",106.31148,"Current","peak_10",NA,NA,"CSCI"
402031,"Peak_10",99.5051,"Current","peak_10",NA,NA,"CSCI"
402040,"Peak_10",18.92644,"Current","peak_10",NA,NA,"CSCI"
402041,"Peak_10",1.29944,"Current","peak_10",NA,NA,"CSCI"
402050,"Peak_10",113.27138,"Current","peak_10",NA,NA,"CSCI"
402051,"Peak_10",111.0554,"Current","peak_10",NA,NA,"CSCI"
402060,"Peak_10",57.44504,"Current","peak_10",NA,NA,"CSCI"
403010,"Peak_10",21.61262,"Current","peak_10",NA,NA,"CSCI"
403011,"Peak_10",123.82006,"Current","peak_10",NA,NA,"CSCI"
403020,"Peak_10",141.486,"Current","peak_10",NA,NA,"CSCI"
403030,"Peak_10",43.99082,"Current","peak_10",NA,NA,"CSCI"
404010,"Peak_10",105.333,"Current","peak_10",NA,NA,"CSCI"
405010,"Peak_10",60.82396,"Current","peak_10",NA,NA,"CSCI"
405020,"Peak_10",47.31582,"Current","peak_10",NA,NA,"CSCI"
501010,"Peak_10",96.06122,"Current","peak_10",NA,NA,"CSCI"
501011,"Peak_10",14.53272,"Current","peak_10",NA,NA,"CSCI"
501020,"Peak_10",39.62436,"Current","peak_10",NA,NA,"CSCI"
502010,"Peak_10",100.8379,"Current","peak_10",NA,NA,"CSCI"
502011,"Peak_10",78.46758,"Current","peak_10",NA,NA,"CSCI"
502020,"Peak_10",26.52304,"Current","peak_10",NA,NA,"CSCI"
502030,"Peak_10",14.78246,"Current","peak_10",NA,NA,"CSCI"
101010,"Wet_BFL_Mag_50",0.62145,"Current","wet_bfl_mag_50",0.514922011596647,0.290342548280392,"CSCI"
101011,"Wet_BFL_Mag_50",0.4668,"Current","wet_bfl_mag_50",0.513368133961537,0.218083930020714,"CSCI"
101012,"Wet_BFL_Mag_50",0.183634610416666,"Current","wet_bfl_mag_50",0.51052232325045,0.0857476731846605,"CSCI"
201010,"Wet_BFL_Mag_50",2.09083687253092,"Current","wet_bfl_mag_50",0.529667358541958,0.976032574285703,"CSCI"
201020,"Wet_BFL_Mag_50",2.142275821069,"Current","wet_bfl_mag_50",0.530182763454003,1,"CSCI"
201030,"Wet_BFL_Mag_50",0.037535523929129,"Current","wet_bfl_mag_50",0.509053749754978,0.0174558790318645,"CSCI"
201040,"Wet_BFL_Mag_50",1.21381518169538,"Current","wet_bfl_mag_50",0.52087099257723,0.566982829340605,"CSCI"
201041,"Wet_BFL_Mag_50",1.14121457390407,"Current","wet_bfl_mag_50",0.520142166324475,0.533090856906301,"CSCI"
201050,"Wet_BFL_Mag_50",0.25725,"Current","wet_bfl_mag_50",0.51126223060868,0.12015494061543,"CSCI"
201060,"Wet_BFL_Mag_50",0.9191,"Current","wet_bfl_mag_50",0.517911873280897,0.429377482055074,"CSCI"
201061,"Wet_BFL_Mag_50",0.0323482341783375,"Current","wet_bfl_mag_50",0.509001604611424,0.0150310188388688,"CSCI"
201062,"Wet_BFL_Mag_50",0.75665,"Current","wet_bfl_mag_50",0.516280226084367,0.3535024136169,"CSCI"
201070,"Wet_BFL_Mag_50",2.09083691666667,"Current","wet_bfl_mag_50",0.529667358984214,0.976032594851549,"CSCI"
201080,"Wet_BFL_Mag_50",2.142275821069,"Current","wet_bfl_mag_50",0.530182763454003,1,"CSCI"
201090,"Wet_BFL_Mag_50",0.0371000642556145,"Current","wet_bfl_mag_50",0.509049372311444,0.0172523185879218,"CSCI"
201100,"Wet_BFL_Mag_50",1.22538680292977,"Current","wet_bfl_mag_50",0.520987150161889,0.572384404328374,"CSCI"
203010,"Wet_BFL_Mag_50",0.430900991905993,"Current","wet_bfl_mag_50",0.513007393246629,0.201308718755539,"CSCI"
204010,"Wet_BFL_Mag_50",0.6405,"Current","wet_bfl_mag_50",0.515113401036399,0.299242564699657,"CSCI"
205010,"Wet_BFL_Mag_50",0.091214360053577,"Current","wet_bfl_mag_50",0.509593343583195,0.042548140846726,"CSCI"
207010,"Wet_BFL_Mag_50",0.0913777472246346,"Current","wet_bfl_mag_50",0.509594985960676,0.0426245148962428,"CSCI"
301010,"Wet_BFL_Mag_50",0.675098011925618,"Current","wet_bfl_mag_50",0.515460985153228,0.315405966143589,"CSCI"
301011,"Wet_BFL_Mag_50",0.189549255179464,"Current","wet_bfl_mag_50",0.510581773017398,0.0885122139171394,"CSCI"
301020,"Wet_BFL_Mag_50",0.2226,"Current","wet_bfl_mag_50",0.510913969842271,0.103960073525378,"CSCI"
301030,"Wet_BFL_Mag_50",0.193542100637562,"Current","wet_bfl_mag_50",0.510621906066987,0.0903784861668397,"CSCI"
401080,"Wet_BFL_Mag_50",0.553618408090607,"Current","wet_bfl_mag_50",0.514240493488077,0.2586505052704,"CSCI"
401101,"Wet_BFL_Mag_50",0.000194130366141493,"Current","wet_bfl_mag_50",0.508678371693757,0,"CSCI"
401110,"Wet_BFL_Mag_50",0.18481079078108,"Current","wet_bfl_mag_50",0.510534145395634,0.0862974281052703,"CSCI"
401120,"Wet_BFL_Mag_50",0.1069,"Current","wet_bfl_mag_50",0.509751015611562,0.0498802258516989,"CSCI"
401121,"Wet_BFL_Mag_50",0.0106999999999999,"Current","wet_bfl_mag_50",0.508783983997509,0.00491119697451583,"CSCI"
402020,"Wet_BFL_Mag_50",1.32105,"Current","wet_bfl_mag_50",0.521947342891739,0.617035410530035,"CSCI"
402021,"Wet_BFL_Mag_50",1.23895,"Current","wet_bfl_mag_50",0.52112329657919,0.578715502590476,"CSCI"
402022,"Wet_BFL_Mag_50",0.95010868757962,"Current","wet_bfl_mag_50",0.518223282082045,0.443858654302101,"CSCI"
402023,"Wet_BFL_Mag_50",0.98354395994296,"Current","wet_bfl_mag_50",0.518559044310404,0.459472312763243,"CSCI"
402030,"Wet_BFL_Mag_50",0.597307352879635,"Current","wet_bfl_mag_50",0.51467945163026,0.279062993429876,"CSCI"
402031,"Wet_BFL_Mag_50",0.69416369515283,"Current","wet_bfl_mag_50",0.515652519518517,0.324312721908843,"CSCI"
402040,"Wet_BFL_Mag_50",0.485375,"Current","wet_bfl_mag_50",0.513554784337616,0.226763569889635,"CSCI"
402041,"Wet_BFL_Mag_50",0.000950000000000006,"Current","wet_bfl_mag_50",0.508685970246664,0.000353348887579255,"CSCI"
402050,"Wet_BFL_Mag_50",0.14565,"Current","wet_bfl_mag_50",0.510140522169199,0.0679931100466889,"CSCI"
402051,"Wet_BFL_Mag_50",0.21425,"Current","wet_bfl_mag_50",0.51083004393358,0.100057340091832,"CSCI"
402060,"Wet_BFL_Mag_50",0.158925758815069,"Current","wet_bfl_mag_50",0.510273964396554,0.074198457719082,"CSCI"
403011,"Wet_BFL_Mag_50",0.585918146924233,"Current","wet_bfl_mag_50",0.514565022440811,0.273741792499178,"CSCI"
403020,"Wet_BFL_Mag_50",0.8765,"Current","wet_bfl_mag_50",0.517484034568768,0.409482071066481,"CSCI"
403030,"Wet_BFL_Mag_50",0.75005,"Current","wet_bfl_mag_50",0.516213928134985,0.350419417821375,"CSCI"
404010,"Wet_BFL_Mag_50",0.318646888863699,"Current","wet_bfl_mag_50",0.511879292365358,0.148849626034001,"CSCI"
405010,"Wet_BFL_Mag_50",0.45405,"Current","wet_bfl_mag_50",0.513240013776434,0.212126068643813,"CSCI"
405020,"Wet_BFL_Mag_50",0.111322973693558,"Current","wet_bfl_mag_50",0.509795474986964,0.0519476814625495,"CSCI"
501010,"Wet_BFL_Mag_50",0.563516928967727,"Current","wet_bfl_mag_50",0.514339949346169,0.263275414414581,"CSCI"
501011,"Wet_BFL_Mag_50",0.0367121730104935,"Current","wet_bfl_mag_50",0.509045473046748,0.0170709944779684,"CSCI"
501020,"Wet_BFL_Mag_50",0.43815,"Current","wet_bfl_mag_50",0.513080237933285,0.204696151772383,"CSCI"
502010,"Wet_BFL_Mag_50",0.527618230335425,"Current","wet_bfl_mag_50",0.51397925011719,0.246502132333373,"CSCI"
502011,"Wet_BFL_Mag_50",0.422604023191933,"Current","wet_bfl_mag_50",0.512924017011854,0.197431546329322,"CSCI"
502020,"Wet_BFL_Mag_50",0.195219995765584,"Current","wet_bfl_mag_50",0.510638770953458,0.0911627392933347,"CSCI"
502030,"Wet_BFL_Mag_50",0.213505868174704,"Current","wet_bfl_mag_50",0.510822564629674,0.0997095365366673,"CSCI"
101020,"Wet_BFL_Mag_50",-0.0211,"Current","wet_bfl_mag_50",0.662775606468716,0.80228390258979,"CSCI"
201031,"Wet_BFL_Mag_50",-0.00402115770473315,"Current","wet_bfl_mag_50",0.700310944948554,1,"CSCI"
201091,"Wet_BFL_Mag_50",-0.00402115770473315,"Current","wet_bfl_mag_50",0.700310944948554,1,"CSCI"
401070,"Wet_BFL_Mag_50",-0.083638478840375,"Current","wet_bfl_mag_50",0.510466319389503,0,"CSCI"
401100,"Wet_BFL_Mag_50",-0.021113201679613,"Current","wet_bfl_mag_50",0.662745701704163,0.802126380276666,"CSCI"
402010,"Wet_BFL_Mag_50",-0.0122462276440638,"Current","wet_bfl_mag_50",0.682529174607767,0.906335139652104,"CSCI"
403010,"Wet_BFL_Mag_50",-0.083638478840375,"Current","wet_bfl_mag_50",0.510466319389503,0,"CSCI"
